run_id,axis,scope_smr_key,key,metric,value,extra,created_at
fail_20260425b_ff84d75e,criterion,_all_,EP-01,union_pairs,2136.0,,2026-04-25 14:20:46.093349+00:00
fail_20260425b_ff84d75e,criterion,_all_,EP-01,floor_pairs,1680.0,,2026-04-25 14:20:46.093349+00:00
fail_20260425b_ff84d75e,criterion,_all_,EP-01,hard_pairs,456.0,{'criterion_name': 'Emergency-plan feasibility (composite)'},2026-04-25 14:20:46.093348+00:00
fail_20260425b_ff84d75e,criterion,_all_,EP-01,intersection_pairs,0.0,,2026-04-25 14:20:46.093349+00:00
fail_20260425b_ff84d75e,criterion,_all_,NH-02,union_pairs,704.0,,2026-04-25 14:20:46.093352+00:00
fail_20260425b_ff84d75e,criterion,_all_,NH-02,floor_pairs,304.0,,2026-04-25 14:20:46.093352+00:00
fail_20260425b_ff84d75e,criterion,_all_,NH-02,hard_pairs,400.0,{'criterion_name': 'Seismic surface rupture (capable faults)'},2026-04-25 14:20:46.093352+00:00
fail_20260425b_ff84d75e,criterion,_all_,NH-02,intersection_pairs,0.0,,2026-04-25 14:20:46.093352+00:00
fail_20260425b_ff84d75e,criterion,_all_,NH-03,floor_pairs,8.0,,2026-04-25 14:20:46.093354+00:00
fail_20260425b_ff84d75e,criterion,_all_,NH-03,union_pairs,8.0,,2026-04-25 14:20:46.093354+00:00
fail_20260425b_ff84d75e,criterion,_all_,NH-03,intersection_pairs,0.0,,2026-04-25 14:20:46.093355+00:00
fail_20260425b_ff84d75e,criterion,_all_,NH-03,hard_pairs,0.0,{'criterion_name': 'Geotechnical - settlement and liquefaction'},2026-04-25 14:20:46.093354+00:00
fail_20260425b_ff84d75e,criterion,_all_,NH-04,union_pairs,1312.0,,2026-04-25 14:20:46.093350+00:00
fail_20260425b_ff84d75e,criterion,_all_,NH-04,intersection_pairs,0.0,,2026-04-25 14:20:46.093350+00:00
fail_20260425b_ff84d75e,criterion,_all_,NH-04,hard_pairs,24.0,{'criterion_name': 'Geotechnical - slope stability'},2026-04-25 14:20:46.093349+00:00
fail_20260425b_ff84d75e,criterion,_all_,NH-04,floor_pairs,1288.0,,2026-04-25 14:20:46.093350+00:00
fail_20260425b_ff84d75e,criterion,_all_,NH-05,union_pairs,832.0,,2026-04-25 14:20:46.093351+00:00
fail_20260425b_ff84d75e,criterion,_all_,NH-05,intersection_pairs,792.0,,2026-04-25 14:20:46.093351+00:00
fail_20260425b_ff84d75e,criterion,_all_,NH-05,hard_pairs,800.0,{'criterion_name': 'Subsidence / karst / mining / oil & gas'},2026-04-25 14:20:46.093351+00:00
fail_20260425b_ff84d75e,criterion,_all_,NH-05,floor_pairs,824.0,,2026-04-25 14:20:46.093351+00:00
fail_20260425b_ff84d75e,criterion,_all_,NS-08,floor_pairs,32.0,,2026-04-25 14:20:46.093353+00:00
fail_20260425b_ff84d75e,criterion,_all_,NS-08,intersection_pairs,0.0,,2026-04-25 14:20:46.093353+00:00
fail_20260425b_ff84d75e,criterion,_all_,NS-08,hard_pairs,0.0,{'criterion_name': 'Ecological sensitivity (Natura 2000 / WDPA)'},2026-04-25 14:20:46.093353+00:00
fail_20260425b_ff84d75e,criterion,_all_,NS-08,union_pairs,32.0,,2026-04-25 14:20:46.093353+00:00
fail_20260425b_ff84d75e,country,_all_,AL,both,8.0,,2026-04-25 14:20:46.093387+00:00
fail_20260425b_ff84d75e,country,_all_,AL,n_sites,1.0,,2026-04-25 14:20:46.093386+00:00
fail_20260425b_ff84d75e,country,_all_,AL,n_pairs,8.0,,2026-04-25 14:20:46.093386+00:00
fail_20260425b_ff84d75e,country,_all_,AL,survived,0.0,,2026-04-25 14:20:46.093386+00:00
fail_20260425b_ff84d75e,country,_all_,AL,hard_only,0.0,,2026-04-25 14:20:46.093386+00:00
fail_20260425b_ff84d75e,country,_all_,AL,floor_only,0.0,,2026-04-25 14:20:46.093386+00:00
fail_20260425b_ff84d75e,country,_all_,AL,n_sites_with_survivor,0.0,,2026-04-25 14:20:46.093387+00:00
fail_20260425b_ff84d75e,country,_all_,AT,both,16.0,,2026-04-25 14:20:46.093371+00:00
fail_20260425b_ff84d75e,country,_all_,AT,n_sites,8.0,,2026-04-25 14:20:46.093369+00:00
fail_20260425b_ff84d75e,country,_all_,AT,n_pairs,64.0,,2026-04-25 14:20:46.093370+00:00
fail_20260425b_ff84d75e,country,_all_,AT,survived,0.0,,2026-04-25 14:20:46.093370+00:00
fail_20260425b_ff84d75e,country,_all_,AT,hard_only,0.0,,2026-04-25 14:20:46.093370+00:00
fail_20260425b_ff84d75e,country,_all_,AT,floor_only,48.0,,2026-04-25 14:20:46.093370+00:00
fail_20260425b_ff84d75e,country,_all_,AT,n_sites_with_survivor,0.0,,2026-04-25 14:20:46.093371+00:00
fail_20260425b_ff84d75e,country,_all_,BA,hard_only,0.0,,2026-04-25 14:20:46.093367+00:00
fail_20260425b_ff84d75e,country,_all_,BA,n_sites_with_survivor,0.0,,2026-04-25 14:20:46.093368+00:00
fail_20260425b_ff84d75e,country,_all_,BA,both,88.0,,2026-04-25 14:20:46.093367+00:00
fail_20260425b_ff84d75e,country,_all_,BA,n_sites,11.0,,2026-04-25 14:20:46.093366+00:00
fail_20260425b_ff84d75e,country,_all_,BA,n_pairs,88.0,,2026-04-25 14:20:46.093366+00:00
fail_20260425b_ff84d75e,country,_all_,BA,survived,0.0,,2026-04-25 14:20:46.093366+00:00
fail_20260425b_ff84d75e,country,_all_,BA,floor_only,0.0,,2026-04-25 14:20:46.093367+00:00
fail_20260425b_ff84d75e,country,_all_,BG,both,56.0,,2026-04-25 14:20:46.093365+00:00
fail_20260425b_ff84d75e,country,_all_,BG,floor_only,56.0,,2026-04-25 14:20:46.093365+00:00
fail_20260425b_ff84d75e,country,_all_,BG,hard_only,8.0,,2026-04-25 14:20:46.093365+00:00
fail_20260425b_ff84d75e,country,_all_,BG,survived,0.0,,2026-04-25 14:20:46.093365+00:00
fail_20260425b_ff84d75e,country,_all_,BG,n_pairs,120.0,,2026-04-25 14:20:46.093364+00:00
fail_20260425b_ff84d75e,country,_all_,BG,n_sites,15.0,,2026-04-25 14:20:46.093364+00:00
fail_20260425b_ff84d75e,country,_all_,BG,n_sites_with_survivor,0.0,,2026-04-25 14:20:46.093366+00:00
fail_20260425b_ff84d75e,country,_all_,BY,n_sites,2.0,,2026-04-25 14:20:46.093382+00:00
fail_20260425b_ff84d75e,country,_all_,BY,n_sites_with_survivor,1.0,,2026-04-25 14:20:46.093384+00:00
fail_20260425b_ff84d75e,country,_all_,BY,both,0.0,,2026-04-25 14:20:46.093383+00:00
fail_20260425b_ff84d75e,country,_all_,BY,floor_only,8.0,,2026-04-25 14:20:46.093383+00:00
fail_20260425b_ff84d75e,country,_all_,BY,hard_only,0.0,,2026-04-25 14:20:46.093383+00:00
fail_20260425b_ff84d75e,country,_all_,BY,survived,8.0,,2026-04-25 14:20:46.093383+00:00
fail_20260425b_ff84d75e,country,_all_,BY,n_pairs,16.0,,2026-04-25 14:20:46.093383+00:00
fail_20260425b_ff84d75e,country,_all_,CZ,floor_only,0.0,,2026-04-25 14:20:46.093360+00:00
fail_20260425b_ff84d75e,country,_all_,CZ,n_sites_with_survivor,0.0,,2026-04-25 14:20:46.093360+00:00
fail_20260425b_ff84d75e,country,_all_,CZ,both,232.0,,2026-04-25 14:20:46.093360+00:00
fail_20260425b_ff84d75e,country,_all_,CZ,n_sites,29.0,,2026-04-25 14:20:46.093359+00:00
fail_20260425b_ff84d75e,country,_all_,CZ,n_pairs,232.0,,2026-04-25 14:20:46.093359+00:00
fail_20260425b_ff84d75e,country,_all_,CZ,survived,0.0,,2026-04-25 14:20:46.093359+00:00
fail_20260425b_ff84d75e,country,_all_,CZ,hard_only,0.0,,2026-04-25 14:20:46.093359+00:00
fail_20260425b_ff84d75e,country,_all_,HR,both,16.0,,2026-04-25 14:20:46.093385+00:00
fail_20260425b_ff84d75e,country,_all_,HR,n_pairs,16.0,,2026-04-25 14:20:46.093384+00:00
fail_20260425b_ff84d75e,country,_all_,HR,n_sites,2.0,,2026-04-25 14:20:46.093384+00:00
fail_20260425b_ff84d75e,country,_all_,HR,survived,0.0,,2026-04-25 14:20:46.093384+00:00
fail_20260425b_ff84d75e,country,_all_,HR,hard_only,0.0,,2026-04-25 14:20:46.093385+00:00
fail_20260425b_ff84d75e,country,_all_,HR,floor_only,0.0,,2026-04-25 14:20:46.093385+00:00
fail_20260425b_ff84d75e,country,_all_,HR,n_sites_with_survivor,0.0,,2026-04-25 14:20:46.093385+00:00
fail_20260425b_ff84d75e,country,_all_,HU,n_sites_with_survivor,0.0,,2026-04-25 14:20:46.093369+00:00
fail_20260425b_ff84d75e,country,_all_,HU,n_sites,11.0,,2026-04-25 14:20:46.093368+00:00
fail_20260425b_ff84d75e,country,_all_,HU,n_pairs,88.0,,2026-04-25 14:20:46.093368+00:00
fail_20260425b_ff84d75e,country,_all_,HU,survived,0.0,,2026-04-25 14:20:46.093368+00:00
fail_20260425b_ff84d75e,country,_all_,HU,hard_only,0.0,,2026-04-25 14:20:46.093368+00:00
fail_20260425b_ff84d75e,country,_all_,HU,floor_only,0.0,,2026-04-25 14:20:46.093369+00:00
fail_20260425b_ff84d75e,country,_all_,HU,both,88.0,,2026-04-25 14:20:46.093369+00:00
fail_20260425b_ff84d75e,country,_all_,LV,both,0.0,,2026-04-25 14:20:46.093388+00:00
fail_20260425b_ff84d75e,country,_all_,LV,n_sites,1.0,,2026-04-25 14:20:46.093387+00:00
fail_20260425b_ff84d75e,country,_all_,LV,n_pairs,8.0,,2026-04-25 14:20:46.093387+00:00
fail_20260425b_ff84d75e,country,_all_,LV,survived,0.0,,2026-04-25 14:20:46.093388+00:00
fail_20260425b_ff84d75e,country,_all_,LV,hard_only,0.0,,2026-04-25 14:20:46.093388+00:00
fail_20260425b_ff84d75e,country,_all_,LV,floor_only,8.0,,2026-04-25 14:20:46.093388+00:00
fail_20260425b_ff84d75e,country,_all_,LV,n_sites_with_survivor,0.0,,2026-04-25 14:20:46.093389+00:00
fail_20260425b_ff84d75e,country,_all_,MD,n_sites_with_survivor,0.0,,2026-04-25 14:20:46.093390+00:00
fail_20260425b_ff84d75e,country,_all_,MD,n_sites,1.0,,2026-04-25 14:20:46.093389+00:00
fail_20260425b_ff84d75e,country,_all_,MD,n_pairs,8.0,,2026-04-25 14:20:46.093389+00:00
fail_20260425b_ff84d75e,country,_all_,MD,survived,0.0,,2026-04-25 14:20:46.093389+00:00
fail_20260425b_ff84d75e,country,_all_,MD,hard_only,0.0,,2026-04-25 14:20:46.093390+00:00
fail_20260425b_ff84d75e,country,_all_,MD,floor_only,0.0,,2026-04-25 14:20:46.093390+00:00
fail_20260425b_ff84d75e,country,_all_,MD,both,8.0,,2026-04-25 14:20:46.093390+00:00
fail_20260425b_ff84d75e,country,_all_,ME,survived,0.0,,2026-04-25 14:20:46.093376+00:00
fail_20260425b_ff84d75e,country,_all_,ME,n_pairs,32.0,,2026-04-25 14:20:46.093375+00:00
fail_20260425b_ff84d75e,country,_all_,ME,n_sites,4.0,,2026-04-25 14:20:46.093375+00:00
fail_20260425b_ff84d75e,country,_all_,ME,n_sites_with_survivor,0.0,,2026-04-25 14:20:46.093377+00:00
fail_20260425b_ff84d75e,country,_all_,ME,both,24.0,,2026-04-25 14:20:46.093376+00:00
fail_20260425b_ff84d75e,country,_all_,ME,floor_only,8.0,,2026-04-25 14:20:46.093376+00:00
fail_20260425b_ff84d75e,country,_all_,ME,hard_only,0.0,,2026-04-25 14:20:46.093376+00:00
fail_20260425b_ff84d75e,country,_all_,MK,survived,0.0,,2026-04-25 14:20:46.093377+00:00
fail_20260425b_ff84d75e,country,_all_,MK,n_pairs,32.0,,2026-04-25 14:20:46.093377+00:00
fail_20260425b_ff84d75e,country,_all_,MK,n_sites,4.0,,2026-04-25 14:20:46.093377+00:00
fail_20260425b_ff84d75e,country,_all_,MK,n_sites_with_survivor,0.0,,2026-04-25 14:20:46.093378+00:00
fail_20260425b_ff84d75e,country,_all_,MK,both,0.0,,2026-04-25 14:20:46.093378+00:00
fail_20260425b_ff84d75e,country,_all_,MK,floor_only,32.0,,2026-04-25 14:20:46.093378+00:00
fail_20260425b_ff84d75e,country,_all_,MK,hard_only,0.0,,2026-04-25 14:20:46.093378+00:00
fail_20260425b_ff84d75e,country,_all_,PL,n_pairs,504.0,,2026-04-25 14:20:46.093357+00:00
fail_20260425b_ff84d75e,country,_all_,PL,n_sites_with_survivor,4.0,,2026-04-25 14:20:46.093358+00:00
fail_20260425b_ff84d75e,country,_all_,PL,both,160.0,,2026-04-25 14:20:46.093358+00:00
fail_20260425b_ff84d75e,country,_all_,PL,floor_only,248.0,,2026-04-25 14:20:46.093358+00:00
fail_20260425b_ff84d75e,country,_all_,PL,hard_only,64.0,,2026-04-25 14:20:46.093357+00:00
fail_20260425b_ff84d75e,country,_all_,PL,survived,32.0,,2026-04-25 14:20:46.093357+00:00
fail_20260425b_ff84d75e,country,_all_,PL,n_sites,63.0,,2026-04-25 14:20:46.093357+00:00
fail_20260425b_ff84d75e,country,_all_,RO,floor_only,112.0,,2026-04-25 14:20:46.093362+00:00
fail_20260425b_ff84d75e,country,_all_,RO,both,24.0,,2026-04-25 14:20:46.093362+00:00
fail_20260425b_ff84d75e,country,_all_,RO,n_sites_with_survivor,4.0,,2026-04-25 14:20:46.093362+00:00
fail_20260425b_ff84d75e,country,_all_,RO,n_sites,24.0,,2026-04-25 14:20:46.093361+00:00
fail_20260425b_ff84d75e,country,_all_,RO,n_pairs,192.0,,2026-04-25 14:20:46.093361+00:00
fail_20260425b_ff84d75e,country,_all_,RO,survived,32.0,,2026-04-25 14:20:46.093361+00:00
fail_20260425b_ff84d75e,country,_all_,RO,hard_only,24.0,,2026-04-25 14:20:46.093361+00:00
fail_20260425b_ff84d75e,country,_all_,RS,survived,16.0,,2026-04-25 14:20:46.093372+00:00
fail_20260425b_ff84d75e,country,_all_,RS,n_pairs,64.0,,2026-04-25 14:20:46.093372+00:00
fail_20260425b_ff84d75e,country,_all_,RS,n_sites,8.0,,2026-04-25 14:20:46.093371+00:00
fail_20260425b_ff84d75e,country,_all_,RS,n_sites_with_survivor,2.0,,2026-04-25 14:20:46.093373+00:00
fail_20260425b_ff84d75e,country,_all_,RS,both,16.0,,2026-04-25 14:20:46.093373+00:00
fail_20260425b_ff84d75e,country,_all_,RS,floor_only,24.0,,2026-04-25 14:20:46.093372+00:00
fail_20260425b_ff84d75e,country,_all_,RS,hard_only,8.0,,2026-04-25 14:20:46.093372+00:00
fail_20260425b_ff84d75e,country,_all_,SI,hard_only,0.0,,2026-04-25 14:20:46.093381+00:00
fail_20260425b_ff84d75e,country,_all_,SI,both,24.0,,2026-04-25 14:20:46.093382+00:00
fail_20260425b_ff84d75e,country,_all_,SI,n_sites_with_survivor,0.0,,2026-04-25 14:20:46.093382+00:00
fail_20260425b_ff84d75e,country,_all_,SI,n_sites,3.0,,2026-04-25 14:20:46.093381+00:00
fail_20260425b_ff84d75e,country,_all_,SI,n_pairs,24.0,,2026-04-25 14:20:46.093381+00:00
fail_20260425b_ff84d75e,country,_all_,SI,survived,0.0,,2026-04-25 14:20:46.093381+00:00
fail_20260425b_ff84d75e,country,_all_,SI,floor_only,0.0,,2026-04-25 14:20:46.093382+00:00
fail_20260425b_ff84d75e,country,_all_,SK,hard_only,0.0,,2026-04-25 14:20:46.093374+00:00
fail_20260425b_ff84d75e,country,_all_,SK,n_pairs,48.0,,2026-04-25 14:20:46.093373+00:00
fail_20260425b_ff84d75e,country,_all_,SK,n_sites,6.0,,2026-04-25 14:20:46.093373+00:00
fail_20260425b_ff84d75e,country,_all_,SK,n_sites_with_survivor,0.0,,2026-04-25 14:20:46.093375+00:00
fail_20260425b_ff84d75e,country,_all_,SK,both,48.0,,2026-04-25 14:20:46.093375+00:00
fail_20260425b_ff84d75e,country,_all_,SK,floor_only,0.0,,2026-04-25 14:20:46.093374+00:00
fail_20260425b_ff84d75e,country,_all_,SK,survived,0.0,,2026-04-25 14:20:46.093374+00:00
fail_20260425b_ff84d75e,country,_all_,TR,n_sites,146.0,,2026-04-25 14:20:46.093355+00:00
fail_20260425b_ff84d75e,country,_all_,TR,n_sites_with_survivor,15.0,,2026-04-25 14:20:46.093357+00:00
fail_20260425b_ff84d75e,country,_all_,TR,both,208.0,,2026-04-25 14:20:46.093356+00:00
fail_20260425b_ff84d75e,country,_all_,TR,floor_only,728.0,,2026-04-25 14:20:46.093356+00:00
fail_20260425b_ff84d75e,country,_all_,TR,hard_only,112.0,,2026-04-25 14:20:46.093356+00:00
fail_20260425b_ff84d75e,country,_all_,TR,survived,120.0,,2026-04-25 14:20:46.093355+00:00
fail_20260425b_ff84d75e,country,_all_,TR,n_pairs,1168.0,,2026-04-25 14:20:46.093355+00:00
fail_20260425b_ff84d75e,country,_all_,UA,n_sites,20.0,,2026-04-25 14:20:46.093362+00:00
fail_20260425b_ff84d75e,country,_all_,UA,n_sites_with_survivor,0.0,,2026-04-25 14:20:46.093364+00:00
fail_20260425b_ff84d75e,country,_all_,UA,both,144.0,,2026-04-25 14:20:46.093364+00:00
fail_20260425b_ff84d75e,country,_all_,UA,floor_only,16.0,,2026-04-25 14:20:46.093363+00:00
fail_20260425b_ff84d75e,country,_all_,UA,hard_only,0.0,,2026-04-25 14:20:46.093363+00:00
fail_20260425b_ff84d75e,country,_all_,UA,survived,0.0,,2026-04-25 14:20:46.093363+00:00
fail_20260425b_ff84d75e,country,_all_,UA,n_pairs,160.0,,2026-04-25 14:20:46.093363+00:00
fail_20260425b_ff84d75e,country,_all_,XK,n_sites_with_survivor,0.0,,2026-04-25 14:20:46.093380+00:00
fail_20260425b_ff84d75e,country,_all_,XK,n_sites,4.0,,2026-04-25 14:20:46.093379+00:00
fail_20260425b_ff84d75e,country,_all_,XK,n_pairs,32.0,,2026-04-25 14:20:46.093379+00:00
fail_20260425b_ff84d75e,country,_all_,XK,survived,0.0,,2026-04-25 14:20:46.093379+00:00
fail_20260425b_ff84d75e,country,_all_,XK,hard_only,16.0,,2026-04-25 14:20:46.093379+00:00
fail_20260425b_ff84d75e,country,_all_,XK,floor_only,0.0,,2026-04-25 14:20:46.093380+00:00
fail_20260425b_ff84d75e,country,_all_,XK,both,16.0,,2026-04-25 14:20:46.093380+00:00
fail_20260425b_ff84d75e,smr,_all_,bwrx_300,both,147.0,,2026-04-25 14:20:46.093391+00:00
fail_20260425b_ff84d75e,smr,_all_,bwrx_300,n_pairs,363.0,,2026-04-25 14:20:46.093390+00:00
fail_20260425b_ff84d75e,smr,_all_,bwrx_300,survived,26.0,,2026-04-25 14:20:46.093391+00:00
fail_20260425b_ff84d75e,smr,_all_,bwrx_300,hard_only,29.0,,2026-04-25 14:20:46.093391+00:00
fail_20260425b_ff84d75e,smr,_all_,bwrx_300,floor_only,161.0,,2026-04-25 14:20:46.093391+00:00
fail_20260425b_ff84d75e,smr,_all_,holtec_smr300,n_pairs,363.0,,2026-04-25 14:20:46.093392+00:00
fail_20260425b_ff84d75e,smr,_all_,holtec_smr300,both,147.0,,2026-04-25 14:20:46.093393+00:00
fail_20260425b_ff84d75e,smr,_all_,holtec_smr300,floor_only,161.0,,2026-04-25 14:20:46.093392+00:00
fail_20260425b_ff84d75e,smr,_all_,holtec_smr300,hard_only,29.0,,2026-04-25 14:20:46.093392+00:00
fail_20260425b_ff84d75e,smr,_all_,holtec_smr300,survived,26.0,,2026-04-25 14:20:46.093392+00:00
fail_20260425b_ff84d75e,smr,_all_,natrium_nominal,hard_only,29.0,,2026-04-25 14:20:46.093393+00:00
fail_20260425b_ff84d75e,smr,_all_,natrium_nominal,n_pairs,363.0,,2026-04-25 14:20:46.093393+00:00
fail_20260425b_ff84d75e,smr,_all_,natrium_nominal,both,147.0,,2026-04-25 14:20:46.093394+00:00
fail_20260425b_ff84d75e,smr,_all_,natrium_nominal,floor_only,161.0,,2026-04-25 14:20:46.093393+00:00
fail_20260425b_ff84d75e,smr,_all_,natrium_nominal,survived,26.0,,2026-04-25 14:20:46.093393+00:00
fail_20260425b_ff84d75e,smr,_all_,natrium_peak,survived,26.0,,2026-04-25 14:20:46.093394+00:00
fail_20260425b_ff84d75e,smr,_all_,natrium_peak,floor_only,161.0,,2026-04-25 14:20:46.093395+00:00
fail_20260425b_ff84d75e,smr,_all_,natrium_peak,both,147.0,,2026-04-25 14:20:46.093395+00:00
fail_20260425b_ff84d75e,smr,_all_,natrium_peak,n_pairs,363.0,,2026-04-25 14:20:46.093394+00:00
fail_20260425b_ff84d75e,smr,_all_,natrium_peak,hard_only,29.0,,2026-04-25 14:20:46.093394+00:00
fail_20260425b_ff84d75e,smr,_all_,nuscale_voygr6,survived,26.0,,2026-04-25 14:20:46.093395+00:00
fail_20260425b_ff84d75e,smr,_all_,nuscale_voygr6,floor_only,161.0,,2026-04-25 14:20:46.093396+00:00
fail_20260425b_ff84d75e,smr,_all_,nuscale_voygr6,both,147.0,,2026-04-25 14:20:46.093396+00:00
fail_20260425b_ff84d75e,smr,_all_,nuscale_voygr6,n_pairs,363.0,,2026-04-25 14:20:46.093395+00:00
fail_20260425b_ff84d75e,smr,_all_,nuscale_voygr6,hard_only,29.0,,2026-04-25 14:20:46.093396+00:00
fail_20260425b_ff84d75e,smr,_all_,oklo_aurora,n_pairs,363.0,,2026-04-25 14:20:46.093396+00:00
fail_20260425b_ff84d75e,smr,_all_,oklo_aurora,survived,26.0,,2026-04-25 14:20:46.093396+00:00
fail_20260425b_ff84d75e,smr,_all_,oklo_aurora,hard_only,29.0,,2026-04-25 14:20:46.093397+00:00
fail_20260425b_ff84d75e,smr,_all_,oklo_aurora,floor_only,161.0,,2026-04-25 14:20:46.093397+00:00
fail_20260425b_ff84d75e,smr,_all_,oklo_aurora,both,147.0,,2026-04-25 14:20:46.093397+00:00
fail_20260425b_ff84d75e,smr,_all_,rolls_royce_smr,both,147.0,,2026-04-25 14:20:46.093398+00:00
fail_20260425b_ff84d75e,smr,_all_,rolls_royce_smr,floor_only,161.0,,2026-04-25 14:20:46.093398+00:00
fail_20260425b_ff84d75e,smr,_all_,rolls_royce_smr,hard_only,29.0,,2026-04-25 14:20:46.093398+00:00
fail_20260425b_ff84d75e,smr,_all_,rolls_royce_smr,survived,26.0,,2026-04-25 14:20:46.093398+00:00
fail_20260425b_ff84d75e,smr,_all_,rolls_royce_smr,n_pairs,363.0,,2026-04-25 14:20:46.093397+00:00
fail_20260425b_ff84d75e,smr,_all_,xe_100,n_pairs,363.0,,2026-04-25 14:20:46.093398+00:00
fail_20260425b_ff84d75e,smr,_all_,xe_100,survived,26.0,,2026-04-25 14:20:46.093399+00:00
fail_20260425b_ff84d75e,smr,_all_,xe_100,hard_only,29.0,,2026-04-25 14:20:46.093399+00:00
fail_20260425b_ff84d75e,smr,_all_,xe_100,floor_only,161.0,,2026-04-25 14:20:46.093399+00:00
fail_20260425b_ff84d75e,smr,_all_,xe_100,both,147.0,,2026-04-25 14:20:46.093399+00:00
fail_20260425b_ff84d75e,multi_failure_histogram,_all_,1,pairs_with_n_failures,1128.0,,2026-04-25 14:20:46.093399+00:00
fail_20260425b_ff84d75e,multi_failure_histogram,_all_,2,pairs_with_n_failures,920.0,,2026-04-25 14:20:46.093400+00:00
fail_20260425b_ff84d75e,multi_failure_histogram,_all_,3,pairs_with_n_failures,544.0,,2026-04-25 14:20:46.093400+00:00
fail_20260425b_ff84d75e,multi_failure_histogram,_all_,4,pairs_with_n_failures,96.0,,2026-04-25 14:20:46.093400+00:00
fail_20260425b_ff84d75e,multi_failure_histogram,_all_,5,pairs_with_n_failures,8.0,,2026-04-25 14:20:46.093400+00:00
fail_20260425b_ff84d75e,summary,_all_,global,n_distinct_smrs,8.0,,2026-04-25 14:20:46.093347+00:00
fail_20260425b_ff84d75e,summary,_all_,global,both,1176.0,,2026-04-25 14:20:46.093347+00:00
fail_20260425b_ff84d75e,summary,_all_,global,floor_only,1288.0,,2026-04-25 14:20:46.093346+00:00
fail_20260425b_ff84d75e,summary,_all_,global,hard_only,232.0,,2026-04-25 14:20:46.093346+00:00
fail_20260425b_ff84d75e,summary,_all_,global,survived,208.0,,2026-04-25 14:20:46.093346+00:00
fail_20260425b_ff84d75e,summary,_all_,global,total_pairs,2904.0,,2026-04-25 14:20:46.093344+00:00
fail_20260425b_ff84d75e,summary,_all_,global,failed_any,2696.0,,2026-04-25 14:20:46.093348+00:00
fail_20260425b_ff84d75e,summary,_all_,global,failed_by_hard,1408.0,,2026-04-25 14:20:46.093348+00:00
fail_20260425b_ff84d75e,summary,_all_,global,failed_by_floor,2464.0,,2026-04-25 14:20:46.093348+00:00
fail_20260425b_ff84d75e,summary,_all_,global,n_distinct_sites,363.0,,2026-04-25 14:20:46.093347+00:00
fail_20260425b_ff84d75e,criterion,nuscale_voygr6,EP-01,hard_pairs,57.0,{'criterion_name': 'Emergency-plan feasibility (composite)'},2026-04-25 14:20:46.555302+00:00
fail_20260425b_ff84d75e,criterion,nuscale_voygr6,EP-01,intersection_pairs,0.0,,2026-04-25 14:20:46.555302+00:00
fail_20260425b_ff84d75e,criterion,nuscale_voygr6,EP-01,union_pairs,267.0,,2026-04-25 14:20:46.555302+00:00
fail_20260425b_ff84d75e,criterion,nuscale_voygr6,EP-01,floor_pairs,210.0,,2026-04-25 14:20:46.555302+00:00
fail_20260425b_ff84d75e,criterion,nuscale_voygr6,NH-02,union_pairs,88.0,,2026-04-25 14:20:46.555305+00:00
fail_20260425b_ff84d75e,criterion,nuscale_voygr6,NH-02,intersection_pairs,0.0,,2026-04-25 14:20:46.555305+00:00
fail_20260425b_ff84d75e,criterion,nuscale_voygr6,NH-02,hard_pairs,50.0,{'criterion_name': 'Seismic surface rupture (capable faults)'},2026-04-25 14:20:46.555305+00:00
fail_20260425b_ff84d75e,criterion,nuscale_voygr6,NH-02,floor_pairs,38.0,,2026-04-25 14:20:46.555305+00:00
fail_20260425b_ff84d75e,criterion,nuscale_voygr6,NH-03,union_pairs,1.0,,2026-04-25 14:20:46.555307+00:00
fail_20260425b_ff84d75e,criterion,nuscale_voygr6,NH-03,intersection_pairs,0.0,,2026-04-25 14:20:46.555307+00:00
fail_20260425b_ff84d75e,criterion,nuscale_voygr6,NH-03,hard_pairs,0.0,{'criterion_name': 'Geotechnical - settlement and liquefaction'},2026-04-25 14:20:46.555307+00:00
fail_20260425b_ff84d75e,criterion,nuscale_voygr6,NH-03,floor_pairs,1.0,,2026-04-25 14:20:46.555307+00:00
fail_20260425b_ff84d75e,criterion,nuscale_voygr6,NH-04,floor_pairs,161.0,,2026-04-25 14:20:46.555303+00:00
fail_20260425b_ff84d75e,criterion,nuscale_voygr6,NH-04,intersection_pairs,0.0,,2026-04-25 14:20:46.555303+00:00
fail_20260425b_ff84d75e,criterion,nuscale_voygr6,NH-04,hard_pairs,3.0,{'criterion_name': 'Geotechnical - slope stability'},2026-04-25 14:20:46.555303+00:00
fail_20260425b_ff84d75e,criterion,nuscale_voygr6,NH-04,union_pairs,164.0,,2026-04-25 14:20:46.555303+00:00
fail_20260425b_ff84d75e,criterion,nuscale_voygr6,NH-05,floor_pairs,103.0,,2026-04-25 14:20:46.555304+00:00
fail_20260425b_ff84d75e,criterion,nuscale_voygr6,NH-05,intersection_pairs,99.0,,2026-04-25 14:20:46.555304+00:00
fail_20260425b_ff84d75e,criterion,nuscale_voygr6,NH-05,hard_pairs,100.0,{'criterion_name': 'Subsidence / karst / mining / oil & gas'},2026-04-25 14:20:46.555304+00:00
fail_20260425b_ff84d75e,criterion,nuscale_voygr6,NH-05,union_pairs,104.0,,2026-04-25 14:20:46.555304+00:00
fail_20260425b_ff84d75e,criterion,nuscale_voygr6,NS-08,floor_pairs,4.0,,2026-04-25 14:20:46.555306+00:00
fail_20260425b_ff84d75e,criterion,nuscale_voygr6,NS-08,intersection_pairs,0.0,,2026-04-25 14:20:46.555306+00:00
fail_20260425b_ff84d75e,criterion,nuscale_voygr6,NS-08,union_pairs,4.0,,2026-04-25 14:20:46.555306+00:00
fail_20260425b_ff84d75e,criterion,nuscale_voygr6,NS-08,hard_pairs,0.0,{'criterion_name': 'Ecological sensitivity (Natura 2000 / WDPA)'},2026-04-25 14:20:46.555306+00:00
fail_20260425b_ff84d75e,country,nuscale_voygr6,AL,n_sites,1.0,,2026-04-25 14:20:46.555337+00:00
fail_20260425b_ff84d75e,country,nuscale_voygr6,AL,n_pairs,1.0,,2026-04-25 14:20:46.555337+00:00
fail_20260425b_ff84d75e,country,nuscale_voygr6,AL,survived,0.0,,2026-04-25 14:20:46.555337+00:00
fail_20260425b_ff84d75e,country,nuscale_voygr6,AL,hard_only,0.0,,2026-04-25 14:20:46.555337+00:00
fail_20260425b_ff84d75e,country,nuscale_voygr6,AL,floor_only,0.0,,2026-04-25 14:20:46.555338+00:00
fail_20260425b_ff84d75e,country,nuscale_voygr6,AL,both,1.0,,2026-04-25 14:20:46.555338+00:00
fail_20260425b_ff84d75e,country,nuscale_voygr6,AL,n_sites_with_survivor,0.0,,2026-04-25 14:20:46.555338+00:00
fail_20260425b_ff84d75e,country,nuscale_voygr6,AT,n_sites,8.0,,2026-04-25 14:20:46.555322+00:00
fail_20260425b_ff84d75e,country,nuscale_voygr6,AT,n_sites_with_survivor,0.0,,2026-04-25 14:20:46.555323+00:00
fail_20260425b_ff84d75e,country,nuscale_voygr6,AT,both,2.0,,2026-04-25 14:20:46.555323+00:00
fail_20260425b_ff84d75e,country,nuscale_voygr6,AT,floor_only,6.0,,2026-04-25 14:20:46.555323+00:00
fail_20260425b_ff84d75e,country,nuscale_voygr6,AT,hard_only,0.0,,2026-04-25 14:20:46.555322+00:00
fail_20260425b_ff84d75e,country,nuscale_voygr6,AT,survived,0.0,,2026-04-25 14:20:46.555322+00:00
fail_20260425b_ff84d75e,country,nuscale_voygr6,AT,n_pairs,8.0,,2026-04-25 14:20:46.555322+00:00
fail_20260425b_ff84d75e,country,nuscale_voygr6,BA,n_pairs,11.0,,2026-04-25 14:20:46.555318+00:00
fail_20260425b_ff84d75e,country,nuscale_voygr6,BA,n_sites_with_survivor,0.0,,2026-04-25 14:20:46.555320+00:00
fail_20260425b_ff84d75e,country,nuscale_voygr6,BA,both,11.0,,2026-04-25 14:20:46.555319+00:00
fail_20260425b_ff84d75e,country,nuscale_voygr6,BA,floor_only,0.0,,2026-04-25 14:20:46.555319+00:00
fail_20260425b_ff84d75e,country,nuscale_voygr6,BA,hard_only,0.0,,2026-04-25 14:20:46.555319+00:00
fail_20260425b_ff84d75e,country,nuscale_voygr6,BA,survived,0.0,,2026-04-25 14:20:46.555319+00:00
fail_20260425b_ff84d75e,country,nuscale_voygr6,BA,n_sites,11.0,,2026-04-25 14:20:46.555318+00:00
fail_20260425b_ff84d75e,country,nuscale_voygr6,BG,hard_only,1.0,,2026-04-25 14:20:46.555317+00:00
fail_20260425b_ff84d75e,country,nuscale_voygr6,BG,n_sites_with_survivor,0.0,,2026-04-25 14:20:46.555318+00:00
fail_20260425b_ff84d75e,country,nuscale_voygr6,BG,both,7.0,,2026-04-25 14:20:46.555318+00:00
fail_20260425b_ff84d75e,country,nuscale_voygr6,BG,n_sites,15.0,,2026-04-25 14:20:46.555317+00:00
fail_20260425b_ff84d75e,country,nuscale_voygr6,BG,n_pairs,15.0,,2026-04-25 14:20:46.555317+00:00
fail_20260425b_ff84d75e,country,nuscale_voygr6,BG,survived,0.0,,2026-04-25 14:20:46.555317+00:00
fail_20260425b_ff84d75e,country,nuscale_voygr6,BG,floor_only,7.0,,2026-04-25 14:20:46.555317+00:00
fail_20260425b_ff84d75e,country,nuscale_voygr6,BY,floor_only,1.0,,2026-04-25 14:20:46.555334+00:00
fail_20260425b_ff84d75e,country,nuscale_voygr6,BY,n_sites_with_survivor,1.0,,2026-04-25 14:20:46.555335+00:00
fail_20260425b_ff84d75e,country,nuscale_voygr6,BY,both,0.0,,2026-04-25 14:20:46.555335+00:00
fail_20260425b_ff84d75e,country,nuscale_voygr6,BY,n_sites,2.0,,2026-04-25 14:20:46.555333+00:00
fail_20260425b_ff84d75e,country,nuscale_voygr6,BY,n_pairs,2.0,,2026-04-25 14:20:46.555334+00:00
fail_20260425b_ff84d75e,country,nuscale_voygr6,BY,survived,1.0,,2026-04-25 14:20:46.555334+00:00
fail_20260425b_ff84d75e,country,nuscale_voygr6,BY,hard_only,0.0,,2026-04-25 14:20:46.555334+00:00
fail_20260425b_ff84d75e,country,nuscale_voygr6,CZ,hard_only,0.0,,2026-04-25 14:20:46.555312+00:00
fail_20260425b_ff84d75e,country,nuscale_voygr6,CZ,both,29.0,,2026-04-25 14:20:46.555312+00:00
fail_20260425b_ff84d75e,country,nuscale_voygr6,CZ,n_sites_with_survivor,0.0,,2026-04-25 14:20:46.555313+00:00
fail_20260425b_ff84d75e,country,nuscale_voygr6,CZ,n_sites,29.0,,2026-04-25 14:20:46.555311+00:00
fail_20260425b_ff84d75e,country,nuscale_voygr6,CZ,n_pairs,29.0,,2026-04-25 14:20:46.555311+00:00
fail_20260425b_ff84d75e,country,nuscale_voygr6,CZ,survived,0.0,,2026-04-25 14:20:46.555312+00:00
fail_20260425b_ff84d75e,country,nuscale_voygr6,CZ,floor_only,0.0,,2026-04-25 14:20:46.555312+00:00
fail_20260425b_ff84d75e,country,nuscale_voygr6,HR,floor_only,0.0,,2026-04-25 14:20:46.555336+00:00
fail_20260425b_ff84d75e,country,nuscale_voygr6,HR,n_sites_with_survivor,0.0,,2026-04-25 14:20:46.555336+00:00
fail_20260425b_ff84d75e,country,nuscale_voygr6,HR,both,2.0,,2026-04-25 14:20:46.555336+00:00
fail_20260425b_ff84d75e,country,nuscale_voygr6,HR,n_sites,2.0,,2026-04-25 14:20:46.555335+00:00
fail_20260425b_ff84d75e,country,nuscale_voygr6,HR,n_pairs,2.0,,2026-04-25 14:20:46.555335+00:00
fail_20260425b_ff84d75e,country,nuscale_voygr6,HR,survived,0.0,,2026-04-25 14:20:46.555336+00:00
fail_20260425b_ff84d75e,country,nuscale_voygr6,HR,hard_only,0.0,,2026-04-25 14:20:46.555336+00:00
fail_20260425b_ff84d75e,country,nuscale_voygr6,HU,n_pairs,11.0,,2026-04-25 14:20:46.555320+00:00
fail_20260425b_ff84d75e,country,nuscale_voygr6,HU,n_sites,11.0,,2026-04-25 14:20:46.555320+00:00
fail_20260425b_ff84d75e,country,nuscale_voygr6,HU,survived,0.0,,2026-04-25 14:20:46.555320+00:00
fail_20260425b_ff84d75e,country,nuscale_voygr6,HU,hard_only,0.0,,2026-04-25 14:20:46.555321+00:00
fail_20260425b_ff84d75e,country,nuscale_voygr6,HU,floor_only,0.0,,2026-04-25 14:20:46.555321+00:00
fail_20260425b_ff84d75e,country,nuscale_voygr6,HU,both,11.0,,2026-04-25 14:20:46.555321+00:00
fail_20260425b_ff84d75e,country,nuscale_voygr6,HU,n_sites_with_survivor,0.0,,2026-04-25 14:20:46.555321+00:00
fail_20260425b_ff84d75e,country,nuscale_voygr6,LV,survived,0.0,,2026-04-25 14:20:46.555339+00:00
fail_20260425b_ff84d75e,country,nuscale_voygr6,LV,floor_only,1.0,,2026-04-25 14:20:46.555339+00:00
fail_20260425b_ff84d75e,country,nuscale_voygr6,LV,both,0.0,,2026-04-25 14:20:46.555340+00:00
fail_20260425b_ff84d75e,country,nuscale_voygr6,LV,n_sites_with_survivor,0.0,,2026-04-25 14:20:46.555340+00:00
fail_20260425b_ff84d75e,country,nuscale_voygr6,LV,n_sites,1.0,,2026-04-25 14:20:46.555338+00:00
fail_20260425b_ff84d75e,country,nuscale_voygr6,LV,n_pairs,1.0,,2026-04-25 14:20:46.555339+00:00
fail_20260425b_ff84d75e,country,nuscale_voygr6,LV,hard_only,0.0,,2026-04-25 14:20:46.555339+00:00
fail_20260425b_ff84d75e,country,nuscale_voygr6,MD,hard_only,0.0,,2026-04-25 14:20:46.555341+00:00
fail_20260425b_ff84d75e,country,nuscale_voygr6,MD,n_sites_with_survivor,0.0,,2026-04-25 14:20:46.555342+00:00
fail_20260425b_ff84d75e,country,nuscale_voygr6,MD,n_sites,1.0,,2026-04-25 14:20:46.555340+00:00
fail_20260425b_ff84d75e,country,nuscale_voygr6,MD,floor_only,0.0,,2026-04-25 14:20:46.555341+00:00
fail_20260425b_ff84d75e,country,nuscale_voygr6,MD,n_pairs,1.0,,2026-04-25 14:20:46.555340+00:00
fail_20260425b_ff84d75e,country,nuscale_voygr6,MD,both,1.0,,2026-04-25 14:20:46.555341+00:00
fail_20260425b_ff84d75e,country,nuscale_voygr6,MD,survived,0.0,,2026-04-25 14:20:46.555341+00:00
fail_20260425b_ff84d75e,country,nuscale_voygr6,ME,floor_only,1.0,,2026-04-25 14:20:46.555328+00:00
fail_20260425b_ff84d75e,country,nuscale_voygr6,ME,survived,0.0,,2026-04-25 14:20:46.555327+00:00
fail_20260425b_ff84d75e,country,nuscale_voygr6,ME,n_pairs,4.0,,2026-04-25 14:20:46.555327+00:00
fail_20260425b_ff84d75e,country,nuscale_voygr6,ME,both,3.0,,2026-04-25 14:20:46.555328+00:00
fail_20260425b_ff84d75e,country,nuscale_voygr6,ME,n_sites_with_survivor,0.0,,2026-04-25 14:20:46.555328+00:00
fail_20260425b_ff84d75e,country,nuscale_voygr6,ME,n_sites,4.0,,2026-04-25 14:20:46.555327+00:00
fail_20260425b_ff84d75e,country,nuscale_voygr6,ME,hard_only,0.0,,2026-04-25 14:20:46.555328+00:00
fail_20260425b_ff84d75e,country,nuscale_voygr6,MK,both,0.0,,2026-04-25 14:20:46.555330+00:00
fail_20260425b_ff84d75e,country,nuscale_voygr6,MK,n_sites,4.0,,2026-04-25 14:20:46.555328+00:00
fail_20260425b_ff84d75e,country,nuscale_voygr6,MK,n_pairs,4.0,,2026-04-25 14:20:46.555329+00:00
fail_20260425b_ff84d75e,country,nuscale_voygr6,MK,survived,0.0,,2026-04-25 14:20:46.555329+00:00
fail_20260425b_ff84d75e,country,nuscale_voygr6,MK,hard_only,0.0,,2026-04-25 14:20:46.555329+00:00
fail_20260425b_ff84d75e,country,nuscale_voygr6,MK,floor_only,4.0,,2026-04-25 14:20:46.555330+00:00
fail_20260425b_ff84d75e,country,nuscale_voygr6,MK,n_sites_with_survivor,0.0,,2026-04-25 14:20:46.555330+00:00
fail_20260425b_ff84d75e,country,nuscale_voygr6,PL,survived,4.0,,2026-04-25 14:20:46.555310+00:00
fail_20260425b_ff84d75e,country,nuscale_voygr6,PL,n_pairs,63.0,,2026-04-25 14:20:46.555309+00:00
fail_20260425b_ff84d75e,country,nuscale_voygr6,PL,n_sites,63.0,,2026-04-25 14:20:46.555309+00:00
fail_20260425b_ff84d75e,country,nuscale_voygr6,PL,n_sites_with_survivor,4.0,,2026-04-25 14:20:46.555311+00:00
fail_20260425b_ff84d75e,country,nuscale_voygr6,PL,both,20.0,,2026-04-25 14:20:46.555311+00:00
fail_20260425b_ff84d75e,country,nuscale_voygr6,PL,floor_only,31.0,,2026-04-25 14:20:46.555310+00:00
fail_20260425b_ff84d75e,country,nuscale_voygr6,PL,hard_only,8.0,,2026-04-25 14:20:46.555310+00:00
fail_20260425b_ff84d75e,country,nuscale_voygr6,RO,hard_only,3.0,,2026-04-25 14:20:46.555314+00:00
fail_20260425b_ff84d75e,country,nuscale_voygr6,RO,both,3.0,,2026-04-25 14:20:46.555314+00:00
fail_20260425b_ff84d75e,country,nuscale_voygr6,RO,n_sites_with_survivor,4.0,,2026-04-25 14:20:46.555314+00:00
fail_20260425b_ff84d75e,country,nuscale_voygr6,RO,n_sites,24.0,,2026-04-25 14:20:46.555313+00:00
fail_20260425b_ff84d75e,country,nuscale_voygr6,RO,n_pairs,24.0,,2026-04-25 14:20:46.555313+00:00
fail_20260425b_ff84d75e,country,nuscale_voygr6,RO,survived,4.0,,2026-04-25 14:20:46.555313+00:00
fail_20260425b_ff84d75e,country,nuscale_voygr6,RO,floor_only,14.0,,2026-04-25 14:20:46.555314+00:00
fail_20260425b_ff84d75e,country,nuscale_voygr6,RS,survived,2.0,,2026-04-25 14:20:46.555324+00:00
fail_20260425b_ff84d75e,country,nuscale_voygr6,RS,hard_only,1.0,,2026-04-25 14:20:46.555324+00:00
fail_20260425b_ff84d75e,country,nuscale_voygr6,RS,floor_only,3.0,,2026-04-25 14:20:46.555324+00:00
fail_20260425b_ff84d75e,country,nuscale_voygr6,RS,both,2.0,,2026-04-25 14:20:46.555325+00:00
fail_20260425b_ff84d75e,country,nuscale_voygr6,RS,n_sites_with_survivor,2.0,,2026-04-25 14:20:46.555325+00:00
fail_20260425b_ff84d75e,country,nuscale_voygr6,RS,n_sites,8.0,,2026-04-25 14:20:46.555323+00:00
fail_20260425b_ff84d75e,country,nuscale_voygr6,RS,n_pairs,8.0,,2026-04-25 14:20:46.555324+00:00
fail_20260425b_ff84d75e,country,nuscale_voygr6,SI,hard_only,0.0,,2026-04-25 14:20:46.555333+00:00
fail_20260425b_ff84d75e,country,nuscale_voygr6,SI,both,3.0,,2026-04-25 14:20:46.555333+00:00
fail_20260425b_ff84d75e,country,nuscale_voygr6,SI,n_sites_with_survivor,0.0,,2026-04-25 14:20:46.555333+00:00
fail_20260425b_ff84d75e,country,nuscale_voygr6,SI,n_sites,3.0,,2026-04-25 14:20:46.555332+00:00
fail_20260425b_ff84d75e,country,nuscale_voygr6,SI,n_pairs,3.0,,2026-04-25 14:20:46.555332+00:00
fail_20260425b_ff84d75e,country,nuscale_voygr6,SI,survived,0.0,,2026-04-25 14:20:46.555332+00:00
fail_20260425b_ff84d75e,country,nuscale_voygr6,SI,floor_only,0.0,,2026-04-25 14:20:46.555333+00:00
fail_20260425b_ff84d75e,country,nuscale_voygr6,SK,hard_only,0.0,,2026-04-25 14:20:46.555326+00:00
fail_20260425b_ff84d75e,country,nuscale_voygr6,SK,both,6.0,,2026-04-25 14:20:46.555326+00:00
fail_20260425b_ff84d75e,country,nuscale_voygr6,SK,n_sites_with_survivor,0.0,,2026-04-25 14:20:46.555326+00:00
fail_20260425b_ff84d75e,country,nuscale_voygr6,SK,n_sites,6.0,,2026-04-25 14:20:46.555325+00:00
fail_20260425b_ff84d75e,country,nuscale_voygr6,SK,n_pairs,6.0,,2026-04-25 14:20:46.555325+00:00
fail_20260425b_ff84d75e,country,nuscale_voygr6,SK,survived,0.0,,2026-04-25 14:20:46.555325+00:00
fail_20260425b_ff84d75e,country,nuscale_voygr6,SK,floor_only,0.0,,2026-04-25 14:20:46.555326+00:00
fail_20260425b_ff84d75e,country,nuscale_voygr6,TR,n_sites_with_survivor,15.0,,2026-04-25 14:20:46.555309+00:00
fail_20260425b_ff84d75e,country,nuscale_voygr6,TR,n_sites,146.0,,2026-04-25 14:20:46.555307+00:00
fail_20260425b_ff84d75e,country,nuscale_voygr6,TR,n_pairs,146.0,,2026-04-25 14:20:46.555308+00:00
fail_20260425b_ff84d75e,country,nuscale_voygr6,TR,survived,15.0,,2026-04-25 14:20:46.555308+00:00
fail_20260425b_ff84d75e,country,nuscale_voygr6,TR,hard_only,14.0,,2026-04-25 14:20:46.555308+00:00
fail_20260425b_ff84d75e,country,nuscale_voygr6,TR,floor_only,91.0,,2026-04-25 14:20:46.555308+00:00
fail_20260425b_ff84d75e,country,nuscale_voygr6,TR,both,26.0,,2026-04-25 14:20:46.555309+00:00
fail_20260425b_ff84d75e,country,nuscale_voygr6,UA,n_sites,20.0,,2026-04-25 14:20:46.555315+00:00
fail_20260425b_ff84d75e,country,nuscale_voygr6,UA,both,18.0,,2026-04-25 14:20:46.555316+00:00
fail_20260425b_ff84d75e,country,nuscale_voygr6,UA,n_sites_with_survivor,0.0,,2026-04-25 14:20:46.555316+00:00
fail_20260425b_ff84d75e,country,nuscale_voygr6,UA,floor_only,2.0,,2026-04-25 14:20:46.555316+00:00
fail_20260425b_ff84d75e,country,nuscale_voygr6,UA,hard_only,0.0,,2026-04-25 14:20:46.555315+00:00
fail_20260425b_ff84d75e,country,nuscale_voygr6,UA,survived,0.0,,2026-04-25 14:20:46.555315+00:00
fail_20260425b_ff84d75e,country,nuscale_voygr6,UA,n_pairs,20.0,,2026-04-25 14:20:46.555315+00:00
fail_20260425b_ff84d75e,country,nuscale_voygr6,XK,survived,0.0,,2026-04-25 14:20:46.555331+00:00
fail_20260425b_ff84d75e,country,nuscale_voygr6,XK,n_sites,4.0,,2026-04-25 14:20:46.555330+00:00
fail_20260425b_ff84d75e,country,nuscale_voygr6,XK,n_pairs,4.0,,2026-04-25 14:20:46.555330+00:00
fail_20260425b_ff84d75e,country,nuscale_voygr6,XK,hard_only,2.0,,2026-04-25 14:20:46.555331+00:00
fail_20260425b_ff84d75e,country,nuscale_voygr6,XK,n_sites_with_survivor,0.0,,2026-04-25 14:20:46.555332+00:00
fail_20260425b_ff84d75e,country,nuscale_voygr6,XK,both,2.0,,2026-04-25 14:20:46.555331+00:00
fail_20260425b_ff84d75e,country,nuscale_voygr6,XK,floor_only,0.0,,2026-04-25 14:20:46.555331+00:00
fail_20260425b_ff84d75e,multi_failure_histogram,nuscale_voygr6,1,pairs_with_n_failures,141.0,,2026-04-25 14:20:46.555342+00:00
fail_20260425b_ff84d75e,multi_failure_histogram,nuscale_voygr6,2,pairs_with_n_failures,115.0,,2026-04-25 14:20:46.555342+00:00
fail_20260425b_ff84d75e,multi_failure_histogram,nuscale_voygr6,3,pairs_with_n_failures,68.0,,2026-04-25 14:20:46.555342+00:00
fail_20260425b_ff84d75e,multi_failure_histogram,nuscale_voygr6,4,pairs_with_n_failures,12.0,,2026-04-25 14:20:46.555343+00:00
fail_20260425b_ff84d75e,multi_failure_histogram,nuscale_voygr6,5,pairs_with_n_failures,1.0,,2026-04-25 14:20:46.555343+00:00
fail_20260425b_ff84d75e,summary,nuscale_voygr6,global,failed_by_hard,176.0,,2026-04-25 14:20:46.555301+00:00
fail_20260425b_ff84d75e,summary,nuscale_voygr6,global,failed_any,337.0,,2026-04-25 14:20:46.555301+00:00
fail_20260425b_ff84d75e,summary,nuscale_voygr6,global,survived,26.0,,2026-04-25 14:20:46.555299+00:00
fail_20260425b_ff84d75e,summary,nuscale_voygr6,global,hard_only,29.0,,2026-04-25 14:20:46.555299+00:00
fail_20260425b_ff84d75e,summary,nuscale_voygr6,global,failed_by_floor,308.0,,2026-04-25 14:20:46.555301+00:00
fail_20260425b_ff84d75e,summary,nuscale_voygr6,global,floor_only,161.0,,2026-04-25 14:20:46.555300+00:00
fail_20260425b_ff84d75e,summary,nuscale_voygr6,global,total_pairs,363.0,,2026-04-25 14:20:46.555298+00:00
fail_20260425b_ff84d75e,summary,nuscale_voygr6,global,n_distinct_sites,363.0,,2026-04-25 14:20:46.555300+00:00
fail_20260425b_ff84d75e,summary,nuscale_voygr6,global,n_distinct_smrs,1.0,,2026-04-25 14:20:46.555301+00:00
fail_20260425b_ff84d75e,summary,nuscale_voygr6,global,both,147.0,,2026-04-25 14:20:46.555300+00:00
