run_id,site_id,smr_key,scope_country_code,band,top5pct_hit_rate,top10pct_hit_rate,top30pct_hit_rate,scenarios_total,scenarios_scored,created_at,site_name,country_code
p16_20260425T141705_5037b797,2dcd2c6d-f375-4408-9492-7910662fac03,nuscale_voygr6,AT,C,0.7857,0.7857,0.7857,14,14,2026-04-25 14:18:55.203345+00:00,Timelkam power station,AT
p16_20260425T141705_5037b797,532bfb42-0d4c-42cf-a81a-287f2b3a75bf,nuscale_voygr6,AT,G,0.0714,0.0714,0.2143,14,14,2026-04-25 14:18:55.203347+00:00,Enns Power Station,AT
p16_20260425T141705_5037b797,6e7fc4d8-636d-411a-baef-e138a5a07acc,nuscale_voygr6,AT,H,0.0,0.0,0.0,14,14,2026-04-25 14:18:55.203348+00:00,Duernrohr power station,AT
p16_20260425T141705_5037b797,90820fe3-9889-4faf-9906-7c528f8d7bc5,nuscale_voygr6,AT,H,0.0,0.0,0.0,14,14,2026-04-25 14:18:55.203348+00:00,Mellach power station,AT
p16_20260425T141705_5037b797,660d9d71-6733-4294-951b-1c58614d58cf,nuscale_voygr6,AT,H,0.1429,0.1429,0.1429,14,14,2026-04-25 14:18:55.203347+00:00,Riedersbach power station,AT
p16_20260425T141705_5037b797,99d712ac-7993-4186-8a0e-2e88bae7e90f,nuscale_voygr6,AT,H,0.0,0.0,0.0,14,14,2026-04-25 14:18:55.203348+00:00,Voitsberg power station,AT
p16_20260425T141705_5037b797,85257083-08d1-4560-b198-a9df414da4a9,nuscale_voygr6,BA,C,0.6429,0.6429,0.6429,14,14,2026-04-25 14:18:55.209498+00:00,Gacko Thermal Power Plant,BA
p16_20260425T141705_5037b797,e75c63e5-ef2f-4e08-8f8c-3da41215af9d,nuscale_voygr6,BA,G,0.2143,0.2143,0.2143,14,14,2026-04-25 14:18:55.209499+00:00,Stanari Thermal Power Plant,BA
p16_20260425T141705_5037b797,82011c29-a3d3-4a81-a27b-019d2649a251,nuscale_voygr6,BA,H,0.0,0.0,0.0,14,14,2026-04-25 14:18:55.209500+00:00,Banovici power station,BA
p16_20260425T141705_5037b797,344e0e9a-558e-4749-bb66-cd746be50cbd,nuscale_voygr6,BA,H,0.0,0.0,0.0,14,14,2026-04-25 14:18:55.209500+00:00,Kamengrad Thermal Power Plant,BA
p16_20260425T141705_5037b797,aa0bdb5e-45aa-4d15-8aee-cb5b0e14f5d9,nuscale_voygr6,BA,H,0.0,0.0,0.0,14,14,2026-04-25 14:18:55.209500+00:00,Miljevina power station,BA
p16_20260425T141705_5037b797,a23d073a-cbbd-469a-b134-380945fd3f4c,nuscale_voygr6,BA,H,0.1429,0.1429,0.1429,14,14,2026-04-25 14:18:55.209499+00:00,Ugljevik power station,BA
p16_20260425T141705_5037b797,a064c7ae-e699-4a94-a18c-79bdfe42bce3,nuscale_voygr6,BG,A,1.0,1.0,1.0,14,14,2026-04-25 14:18:55.216543+00:00,Vidin Works power station,BG
p16_20260425T141705_5037b797,b01fe781-dbc7-40f8-a544-946288020042,nuscale_voygr6,BG,D,0.0,0.0,1.0,14,14,2026-04-25 14:18:55.216544+00:00,Bobov Dol power station,BG
p16_20260425T141705_5037b797,30c9e377-b575-46fa-880f-922c46e6500a,nuscale_voygr6,BG,H,0.0,0.0,0.0,14,14,2026-04-25 14:18:55.216545+00:00,Lom Power Station,BG
p16_20260425T141705_5037b797,3bb6666f-de2f-4c6f-a28e-c3bddb71b54a,nuscale_voygr6,BG,H,0.0,0.0,0.0,14,14,2026-04-25 14:18:55.216545+00:00,Maritsa 3 power station,BG
p16_20260425T141705_5037b797,ec5f337a-ca52-4b86-a0f4-4933eac349e3,nuscale_voygr6,BG,H,0.0,0.0,0.1429,14,14,2026-04-25 14:18:55.216545+00:00,Maritsa Iztok-2 power station,BG
p16_20260425T141705_5037b797,704ef487-f600-4f23-b06e-a0f81b627597,nuscale_voygr6,BG,H,0.0,0.0,0.0,14,14,2026-04-25 14:18:55.216546+00:00,Ruse Iztok power station,BG
p16_20260425T141705_5037b797,2fb27566-cc7b-4530-8ff9-e55e3a1985bd,nuscale_voygr6,BG,H,0.0,0.0,0.0,14,14,2026-04-25 14:18:55.216545+00:00,Svilosa power station,BG
p16_20260425T141705_5037b797,fac3d0b5-36a5-48ae-8494-f2f08e4342f4,nuscale_voygr6,BY,A,1.0,1.0,1.0,15,15,2026-04-25 14:18:55.219797+00:00,Zelwa power station,BY
p16_20260425T141705_5037b797,68aabff9-e662-4b9f-b37d-4c2ebc5f7539,nuscale_voygr6,BY,H,0.0,0.0,0.0,15,14,2026-04-25 14:18:55.219798+00:00,Lelchitsy power station,BY
p16_20260425T141705_5037b797,d762ceeb-514f-43a6-9f91-a2d422ed6c60,nuscale_voygr6,CZ,A,0.9286,1.0,1.0,14,14,2026-04-25 14:18:55.231873+00:00,Chvaletice power station,CZ
p16_20260425T141705_5037b797,32484f7b-18a4-4b21-8e6a-6d68ae099d02,nuscale_voygr6,CZ,B,0.0714,1.0,1.0,14,14,2026-04-25 14:18:55.231874+00:00,Pocerady power station,CZ
p16_20260425T141705_5037b797,a733fc13-11a4-4722-b62d-85c85a4f8ef3,nuscale_voygr6,CZ,D,0.0,0.0,0.9286,14,14,2026-04-25 14:18:55.231875+00:00,Detmarovice power station,CZ
p16_20260425T141705_5037b797,2fe0a0b3-4108-427e-8e54-f77e1ea7227c,nuscale_voygr6,CZ,D,0.0,0.0,0.9286,14,14,2026-04-25 14:18:55.231875+00:00,Ledvice power station,CZ
p16_20260425T141705_5037b797,f3523341-daaa-4573-a856-becb2e1bb9e3,nuscale_voygr6,CZ,D,0.0,0.0,1.0,14,14,2026-04-25 14:18:55.231875+00:00,Melnik power station,CZ
p16_20260425T141705_5037b797,05daa6b2-bb29-4c26-a459-855626673955,nuscale_voygr6,CZ,D,0.0,0.0,1.0,14,14,2026-04-25 14:18:55.231875+00:00,Opatovice power station,CZ
p16_20260425T141705_5037b797,180880c2-7284-4723-b02a-a62348b9b40b,nuscale_voygr6,CZ,H,0.0,0.0,0.0,14,14,2026-04-25 14:18:55.231877+00:00,Hodonin power station,CZ
p16_20260425T141705_5037b797,43e5b2b4-2ccf-46ab-b01e-e3d480146455,nuscale_voygr6,CZ,H,0.0,0.0,0.0,14,14,2026-04-25 14:18:55.231877+00:00,Karvina power station,CZ
p16_20260425T141705_5037b797,f1d2bca1-a7a9-4404-84c1-34fc8a59dab7,nuscale_voygr6,CZ,H,0.0,0.0,0.0,14,14,2026-04-25 14:18:55.231879+00:00,Kladno power station,CZ
p16_20260425T141705_5037b797,274ec928-e527-44cf-86c5-b6eddc09d0f7,nuscale_voygr6,CZ,H,0.0,0.0,0.0,14,14,2026-04-25 14:18:55.231877+00:00,Komorany power station,CZ
p16_20260425T141705_5037b797,cbd67443-4a4e-44fd-a9ed-20ba9574c99e,nuscale_voygr6,CZ,H,0.0,0.0,0.0,14,14,2026-04-25 14:18:55.231879+00:00,Marianske Hory power station,CZ
p16_20260425T141705_5037b797,e299922a-1670-4aff-acda-fd80600af9af,nuscale_voygr6,CZ,H,0.0,0.0,0.0,14,14,2026-04-25 14:18:55.231879+00:00,Mondi Steti power station,CZ
p16_20260425T141705_5037b797,4eb7914c-e000-403c-b5a5-c350de67bb83,nuscale_voygr6,CZ,H,0.0,0.0,0.0,14,14,2026-04-25 14:18:55.231878+00:00,Mostecka Power Station,CZ
p16_20260425T141705_5037b797,9c4291f1-173b-467e-ae26-8cb01312c605,nuscale_voygr6,CZ,H,0.0,0.0,0.0714,14,14,2026-04-25 14:18:55.231876+00:00,Plana Nad Luznici power station,CZ
p16_20260425T141705_5037b797,20bce4f5-ca0b-4145-87e5-0a0694343f31,nuscale_voygr6,CZ,H,0.0,0.0,0.0,14,14,2026-04-25 14:18:55.231877+00:00,Porici power station,CZ
p16_20260425T141705_5037b797,60baaa73-dd8c-4865-bb18-6c73d63a4052,nuscale_voygr6,CZ,H,0.0,0.0,0.0,14,14,2026-04-25 14:18:55.231878+00:00,Prerov power station,CZ
p16_20260425T141705_5037b797,0ae8917b-a70b-41e5-82de-e4963a7686e3,nuscale_voygr6,CZ,H,0.0,0.0,0.0,14,14,2026-04-25 14:18:55.231876+00:00,Pribram power station,CZ
p16_20260425T141705_5037b797,b0ba194f-3c80-4725-b1e7-fa5277b38833,nuscale_voygr6,CZ,H,0.0,0.0,0.0,14,14,2026-04-25 14:18:55.231879+00:00,Prunerov power station,CZ
p16_20260425T141705_5037b797,14e88076-ce0e-4693-bca4-e80f3f013c7f,nuscale_voygr6,CZ,H,0.0,0.0,0.0,14,14,2026-04-25 14:18:55.231876+00:00,Tisova power station,CZ
p16_20260425T141705_5037b797,63601ccc-3f20-4cbd-95cb-0fbeaf821c6a,nuscale_voygr6,CZ,H,0.0,0.0,0.0,14,14,2026-04-25 14:18:55.231878+00:00,Trinec-E3 power station,CZ
p16_20260425T141705_5037b797,287cbb48-bb08-40dd-82c5-cfe1530dfbb9,nuscale_voygr6,CZ,H,0.0,0.0,0.0714,14,14,2026-04-25 14:18:55.231876+00:00,Tusimice power station,CZ
p16_20260425T141705_5037b797,5f4ed23c-cea2-41ef-a3e8-ac863e1bdcd6,nuscale_voygr6,CZ,H,0.0,0.0,0.0,14,14,2026-04-25 14:18:55.231878+00:00,Vresova TPS power station,CZ
p16_20260425T141705_5037b797,aa38441d-aec7-4ae9-b4c3-68c5bf567db3,nuscale_voygr6,CZ,H,0.0,0.0,0.0,14,14,2026-04-25 14:18:55.231879+00:00,Zlin power station,CZ
p16_20260425T141705_5037b797,ab151830-e5bd-46de-8400-01aa4c165366,nuscale_voygr6,HR,A,1.0,1.0,1.0,14,14,2026-04-25 14:18:55.236108+00:00,Plomin power station,HR
p16_20260425T141705_5037b797,997474f6-9bfd-4abd-a2ac-d8618db8f0b4,nuscale_voygr6,HU,A,1.0,1.0,1.0,14,14,2026-04-25 14:18:55.244035+00:00,Mohacs power station,HU
p16_20260425T141705_5037b797,f7dcdb63-26e6-44cd-b440-ec14fe507d90,nuscale_voygr6,HU,D,0.0,0.0,1.0,14,14,2026-04-25 14:18:55.244036+00:00,Borsod power station,HU
p16_20260425T141705_5037b797,5de5f907-98e7-42d3-a7dd-cb65f839697b,nuscale_voygr6,HU,D,0.0,0.0,1.0,14,14,2026-04-25 14:18:55.244036+00:00,Tiszapalkonya power station,HU
p16_20260425T141705_5037b797,ef325d90-6d2d-4f8f-89f2-3bc98beb149b,nuscale_voygr6,HU,H,0.0,0.0,0.0,14,14,2026-04-25 14:18:55.244038+00:00,Bakony power station,HU
p16_20260425T141705_5037b797,f2b3a729-602a-4b6b-acc9-004244f2e556,nuscale_voygr6,HU,H,0.0,0.0,0.0,14,14,2026-04-25 14:18:55.244038+00:00,Banhida-II power station,HU
p16_20260425T141705_5037b797,28b36531-865d-42ae-afb3-b8bad86f7014,nuscale_voygr6,HU,H,0.0,0.0,0.0,14,14,2026-04-25 14:18:55.244037+00:00,Matra power station,HU
p16_20260425T141705_5037b797,903d6b94-cd9d-4c32-b7e2-4bbfbee929df,nuscale_voygr6,HU,H,0.0,0.0,0.0,14,14,2026-04-25 14:18:55.244037+00:00,Matraterenye power station,HU
p16_20260425T141705_5037b797,34d88ce8-d49c-4b19-af2d-6efcb1b72149,nuscale_voygr6,HU,H,0.0,0.0,0.0,14,14,2026-04-25 14:18:55.244037+00:00,Mecsek Hills power station,HU
p16_20260425T141705_5037b797,651839d3-4e8f-4214-89aa-1f96ea221121,nuscale_voygr6,HU,H,0.0,0.0,0.0,14,14,2026-04-25 14:18:55.244037+00:00,Oroszlány power station,HU
p16_20260425T141705_5037b797,059b3ad4-7196-4e6b-b169-8605ceeed841,nuscale_voygr6,HU,H,0.0,0.0,0.0,14,14,2026-04-25 14:18:55.244037+00:00,Torony power station,HU
p16_20260425T141705_5037b797,1a5b8f8f-f4be-4514-8738-755d25e19b41,nuscale_voygr6,LV,A,1.0,1.0,1.0,14,14,2026-04-25 14:18:55.247509+00:00,Kurzeme power station,LV
p16_20260425T141705_5037b797,b3eb5dd2-98cf-40c4-b9ee-2a86fd066093,nuscale_voygr6,MD,A,1.0,1.0,1.0,14,14,2026-04-25 14:18:55.250579+00:00,Kuchurgan power station,MD
p16_20260425T141705_5037b797,3795824b-cb76-48dd-a65c-764c757ddc76,nuscale_voygr6,ME,A,1.0,1.0,1.0,14,14,2026-04-25 14:18:55.255476+00:00,Bar power station,ME
p16_20260425T141705_5037b797,1739b1b7-a6f3-466c-9dfa-3d1de9d5b6db,nuscale_voygr6,MK,A,1.0,1.0,1.0,14,14,2026-04-25 14:18:55.259880+00:00,Bitola power station,MK
p16_20260425T141705_5037b797,7bff5ef2-646d-4b83-83b0-7f3da32f0254,nuscale_voygr6,MK,H,0.0,0.0,0.1429,14,14,2026-04-25 14:18:55.259881+00:00,Mariovo power station,MK
p16_20260425T141705_5037b797,83d3abe4-2049-47ad-a66b-46034edb7569,nuscale_voygr6,MK,H,0.0,0.0,0.0,14,14,2026-04-25 14:18:55.259881+00:00,Negotino power station,MK
p16_20260425T141705_5037b797,756218bb-3f16-443e-b6c6-400cd0ce2f87,nuscale_voygr6,MK,H,0.0,0.0,0.0,14,14,2026-04-25 14:18:55.259881+00:00,Oslomej power station,MK
p16_20260425T141705_5037b797,52db4dae-b014-45a4-96c4-49f80c1fdd11,nuscale_voygr6,PL,A,1.0,1.0,1.0,15,15,2026-04-25 14:18:55.320443+00:00,Opalenie power station,PL
p16_20260425T141705_5037b797,2981a12d-3444-4301-96ba-a63ef50bec3e,nuscale_voygr6,PL,B,0.3333,0.9333,0.9333,15,14,2026-04-25 14:18:55.320446+00:00,Polaniec power station,PL
p16_20260425T141705_5037b797,558e7bff-5b5d-4666-9ca3-ec02f2269aab,nuscale_voygr6,PL,D,0.0,0.0,0.9333,15,15,2026-04-25 14:18:55.320447+00:00,Dolna Odra power station,PL
p16_20260425T141705_5037b797,dadadad9-b67e-44b8-a9ab-4cbf116da20b,nuscale_voygr6,PL,D,0.0,0.0,1.0,15,15,2026-04-25 14:18:55.320447+00:00,Puchaczow power station,PL
p16_20260425T141705_5037b797,a55e3643-8ed4-434b-b14f-2d549d09c0d9,nuscale_voygr6,PL,D,0.0,0.0,0.8667,15,15,2026-04-25 14:18:55.320447+00:00,Zarnowiec power station,PL
p16_20260425T141705_5037b797,e4e3b5f0-7038-47a5-84e3-04eb07b3c4d7,nuscale_voygr6,PL,H,0.0,0.0,0.0,15,14,2026-04-25 14:18:55.320455+00:00,Adamow power station,PL
p16_20260425T141705_5037b797,8e485f8a-5c68-4541-ab1d-77783f6fcb2d,nuscale_voygr6,PL,H,0.0,0.0,0.0,15,14,2026-04-25 14:18:55.320452+00:00,Belchatow power station,PL
p16_20260425T141705_5037b797,06641fea-8997-4b69-a618-6afa34b82591,nuscale_voygr6,PL,H,0.0,0.0,0.0,15,14,2026-04-25 14:18:55.320450+00:00,Bialystok power station,PL
p16_20260425T141705_5037b797,ccc15bde-1c5a-40bf-8f09-2fcb1e896ce5,nuscale_voygr6,PL,H,0.0,0.0,0.0,15,14,2026-04-25 14:18:55.320454+00:00,Blachownia power station,PL
p16_20260425T141705_5037b797,a6b51b4f-ba1d-49cd-bc99-8898acdbeb78,nuscale_voygr6,PL,H,0.0,0.0,0.0,15,14,2026-04-25 14:18:55.320453+00:00,Czeczott power station,PL
p16_20260425T141705_5037b797,917008f5-fba1-4ef7-b82d-9aded2b69267,nuscale_voygr6,PL,H,0.0,0.0,0.0667,15,14,2026-04-25 14:18:55.320449+00:00,Gubin Power Project,PL
p16_20260425T141705_5037b797,29479c3f-8db8-4f62-90e8-59ad6739f90b,nuscale_voygr6,PL,H,0.0,0.0,0.0,15,14,2026-04-25 14:18:55.320451+00:00,Halemba power station,PL
p16_20260425T141705_5037b797,c4d7f628-c108-4496-ac02-6076ea3ae448,nuscale_voygr6,PL,H,0.0,0.0,0.0,15,14,2026-04-25 14:18:55.320454+00:00,Jaworzno power station,PL
p16_20260425T141705_5037b797,239ea0eb-a9c4-43cc-ac5f-35271bdc6613,nuscale_voygr6,PL,H,0.0,0.0,0.0,15,14,2026-04-25 14:18:55.320450+00:00,Kedzierzyn CCS Project,PL
p16_20260425T141705_5037b797,c39819ef-6798-4c01-9a82-9eead65b5f56,nuscale_voygr6,PL,H,0.0,0.0,0.1333,15,14,2026-04-25 14:18:55.320449+00:00,Konin power station,PL
p16_20260425T141705_5037b797,4411a22e-4e8a-4715-b000-1aae34494b68,nuscale_voygr6,PL,H,0.0,0.0,0.0,15,14,2026-04-25 14:18:55.320451+00:00,Kozienice power station,PL
p16_20260425T141705_5037b797,de6735bd-7a79-43c8-baad-1fe23d50d6f0,nuscale_voygr6,PL,H,0.0,0.0,0.0,15,14,2026-04-25 14:18:55.320455+00:00,Laziska power station,PL
p16_20260425T141705_5037b797,0b187a1d-55de-47cf-96a3-06abc8ff2476,nuscale_voygr6,PL,H,0.0,0.0,0.0,15,14,2026-04-25 14:18:55.320450+00:00,Leczna Power Station (Bogdanka SA),PL
p16_20260425T141705_5037b797,ebc0f461-acfa-47da-8094-5b15ea3e25a0,nuscale_voygr6,PL,H,0.0,0.0,0.0,15,14,2026-04-25 14:18:55.320456+00:00,Leczna Power Station (Enea),PL
p16_20260425T141705_5037b797,187b4fd7-6a61-4e94-8ed4-495ac6dfc317,nuscale_voygr6,PL,H,0.0,0.0,0.0,15,14,2026-04-25 14:18:55.320450+00:00,Legnica Power Station,PL
p16_20260425T141705_5037b797,d60b377c-9bb4-4fd5-adb7-a9a9ba98ae76,nuscale_voygr6,PL,H,0.0,0.0,0.0,15,14,2026-04-25 14:18:55.320455+00:00,Lublin Power Station,PL
p16_20260425T141705_5037b797,5a57ae0a-6f91-46f4-a1f5-56a6b37596e9,nuscale_voygr6,PL,H,0.0,0.0,0.0,15,14,2026-04-25 14:18:55.320451+00:00,Murcki-Staszic power station,PL
p16_20260425T141705_5037b797,1d19dce6-c458-4656-901d-6a8d3c548761,nuscale_voygr6,PL,H,0.0,0.0,0.2,15,14,2026-04-25 14:18:55.320448+00:00,Opole power station,PL
p16_20260425T141705_5037b797,b8bc6544-1571-4906-95e0-314d62c78a24,nuscale_voygr6,PL,H,0.0,0.0,0.0,15,14,2026-04-25 14:18:55.320454+00:00,Ostrołęka power station,PL
p16_20260425T141705_5037b797,ab57f5c3-8699-46f9-970f-3007dfc58af4,nuscale_voygr6,PL,H,0.0,0.0,0.0667,15,14,2026-04-25 14:18:55.320450+00:00,Patnow power station,PL
p16_20260425T141705_5037b797,8a9d5c87-7edc-49c3-85a2-d97727b9c9b2,nuscale_voygr6,PL,H,0.0,0.0,0.0,15,14,2026-04-25 14:18:55.320452+00:00,Piast Ruch Power Station,PL
p16_20260425T141705_5037b797,b24f9ac5-5ddf-4b19-ba95-76dafeca3d2c,nuscale_voygr6,PL,H,0.0,0.0,0.1333,15,14,2026-04-25 14:18:55.320449+00:00,Pólnoc power station,PL
p16_20260425T141705_5037b797,cdc888ad-fd51-4710-a5ab-3cd0fe9ddb48,nuscale_voygr6,PL,H,0.0,0.0,0.0,15,14,2026-04-25 14:18:55.320455+00:00,Pulawy power station (Grupa Azoty),PL
p16_20260425T141705_5037b797,a19228ce-f25a-4ffd-a249-9d01403e6b81,nuscale_voygr6,PL,H,0.0,0.0,0.0,15,14,2026-04-25 14:18:55.320453+00:00,Pulawy power station (Vattenfall),PL
p16_20260425T141705_5037b797,ee332928-87b2-4e7b-9203-20e402bc551f,nuscale_voygr6,PL,H,0.0,0.0,0.1333,15,14,2026-04-25 14:18:55.320449+00:00,Pulawy ZAP Works power station,PL
p16_20260425T141705_5037b797,b8a00967-90a3-4a4e-9979-6b8651d87380,nuscale_voygr6,PL,H,0.0,0.0,0.0,15,14,2026-04-25 14:18:55.320453+00:00,Rybnik power station,PL
p16_20260425T141705_5037b797,a7eeee6e-e14a-40ba-80b6-75ed2e170b20,nuscale_voygr6,PL,H,0.0,0.0,0.0,15,14,2026-04-25 14:18:55.320453+00:00,Siechnice power station,PL
p16_20260425T141705_5037b797,a67255dd-8134-418e-9377-e28516c53722,nuscale_voygr6,PL,H,0.0,0.1333,0.1333,15,14,2026-04-25 14:18:55.320448+00:00,Siekierki power station,PL
p16_20260425T141705_5037b797,47be3ec4-7abe-4f4c-ac3d-b7f753b8514a,nuscale_voygr6,PL,H,0.0,0.0,0.0,15,14,2026-04-25 14:18:55.320451+00:00,Siersza power station,PL
p16_20260425T141705_5037b797,f5be4e73-938d-4fe2-b585-5090ec780670,nuscale_voygr6,PL,H,0.0,0.1333,0.1333,15,14,2026-04-25 14:18:55.320448+00:00,Skawina power station,PL
p16_20260425T141705_5037b797,66bdc30c-4179-480b-a55a-5d15be5ac66b,nuscale_voygr6,PL,H,0.0,0.0,0.0,15,14,2026-04-25 14:18:55.320452+00:00,Stalowa Wola power station,PL
p16_20260425T141705_5037b797,7fc17ab0-ce24-4830-a938-b8424d1e9368,nuscale_voygr6,PL,H,0.0,0.0,0.0,15,14,2026-04-25 14:18:55.320452+00:00,Swiecie Pulp Mill power station,PL
p16_20260425T141705_5037b797,f8f9f43d-6a3b-445d-818e-ca82a90ace65,nuscale_voygr6,PL,H,0.0,0.0,0.0,15,14,2026-04-25 14:18:55.320456+00:00,Szczecin power station,PL
p16_20260425T141705_5037b797,cd84938d-eea8-47a1-8ea6-2e9f943e5914,nuscale_voygr6,PL,H,0.0,0.0,0.0,15,14,2026-04-25 14:18:55.320454+00:00,Turów power station,PL
p16_20260425T141705_5037b797,b24c9876-5a4d-4b83-b442-af2f4b0d1047,nuscale_voygr6,PL,H,0.0,0.0,0.0,15,14,2026-04-25 14:18:55.320453+00:00,Zofiowka Mine power station,PL
p16_20260425T141705_5037b797,202d797d-b0f9-4cd0-bbac-d7bb06805c09,nuscale_voygr6,PL,H,0.0,0.0,0.1333,15,14,2026-04-25 14:18:55.320448+00:00,ZW Nowa power station,PL
p16_20260425T141705_5037b797,345fb795-170a-4fb5-833c-f6bcf2eb450c,nuscale_voygr6,RO,A,1.0,1.0,1.0,15,15,2026-04-25 14:18:55.333386+00:00,Turceni power station,RO
p16_20260425T141705_5037b797,29836b52-a882-4921-95a7-6417e636d9a2,nuscale_voygr6,RO,D,0.0,0.1333,0.9333,15,15,2026-04-25 14:18:55.333388+00:00,Braila power station,RO
p16_20260425T141705_5037b797,323cdbf0-c4a8-467a-af76-e2e3df0b537f,nuscale_voygr6,RO,D,0.0,0.0,0.6667,15,15,2026-04-25 14:18:55.333388+00:00,Braila power station,RO
p16_20260425T141705_5037b797,c3790475-3d3b-4e2b-92ae-24503fe03e6b,nuscale_voygr6,RO,G,0.0,0.0,0.2667,15,15,2026-04-25 14:18:55.333389+00:00,Romag Termo power station,RO
p16_20260425T141705_5037b797,5a33e5f0-6d86-4eab-adea-6c6bad7f3f45,nuscale_voygr6,RO,H,0.0,0.0,0.0,15,14,2026-04-25 14:18:55.333391+00:00,Arad power station,RO
p16_20260425T141705_5037b797,dac2a974-a2de-46c5-b581-03985a9ae7d0,nuscale_voygr6,RO,H,0.0,0.0,0.0,15,14,2026-04-25 14:18:55.333392+00:00,Bacau CHP power station,RO
p16_20260425T141705_5037b797,3bef37a3-239e-498d-a160-77452a6a9b79,nuscale_voygr6,RO,H,0.0,0.0,0.0,15,14,2026-04-25 14:18:55.333391+00:00,Bucharest North East power station,RO
p16_20260425T141705_5037b797,aff5ffe6-fe7a-4de7-afad-9d4645a64cd9,nuscale_voygr6,RO,H,0.0,0.0,0.0,15,14,2026-04-25 14:18:55.333392+00:00,Doicesti power station,RO
p16_20260425T141705_5037b797,18ecb024-ee4f-4045-8254-5e95d61dea8c,nuscale_voygr6,RO,H,0.0,0.0,0.0,15,14,2026-04-25 14:18:55.333390+00:00,FPCU Feldioara,RO
p16_20260425T141705_5037b797,6aed2eac-1c97-40c5-b842-fb15fd510f35,nuscale_voygr6,RO,H,0.0,0.0,0.0,15,14,2026-04-25 14:18:55.333391+00:00,Giurgiu power station,RO
p16_20260425T141705_5037b797,825dc024-9a53-4237-bf59-cbe0af0cf87d,nuscale_voygr6,RO,H,0.0,0.0,0.0,15,14,2026-04-25 14:18:55.333392+00:00,Govora power station,RO
p16_20260425T141705_5037b797,1d8be6d0-f3a5-4b32-9d46-3526289731f8,nuscale_voygr6,RO,H,0.0,0.0,0.0,15,14,2026-04-25 14:18:55.333390+00:00,Iasi-2 power station,RO
p16_20260425T141705_5037b797,e073b3f8-4312-4d34-b322-6289a3121af1,nuscale_voygr6,RO,H,0.0,0.0,0.1333,15,14,2026-04-25 14:18:55.333390+00:00,Isalnita power station,RO
p16_20260425T141705_5037b797,52a7babe-313f-493b-86b9-bd0c4aece4c3,nuscale_voygr6,RO,H,0.0,0.0,0.0,15,14,2026-04-25 14:18:55.333391+00:00,Mintia-Deva power station,RO
p16_20260425T141705_5037b797,9825e28e-fd6e-460d-9caf-0342563f9060,nuscale_voygr6,RO,H,0.0,0.0,0.0,15,14,2026-04-25 14:18:55.333392+00:00,Paroseni power station,RO
p16_20260425T141705_5037b797,958e4d82-853a-41f1-a442-94b4c4314221,nuscale_voygr6,RO,H,0.0,0.0,0.1333,15,14,2026-04-25 14:18:55.333389+00:00,Rovinari power station,RO
p16_20260425T141705_5037b797,d498ded8-449c-4672-8bb9-0ed6c8fef775,nuscale_voygr6,RO,H,0.0,0.0,0.0,15,14,2026-04-25 14:18:55.333392+00:00,Slatina power station,RO
p16_20260425T141705_5037b797,693d9b73-f9fc-4502-9b94-be020c5d21fb,nuscale_voygr6,RO,H,0.0,0.0,0.1333,15,14,2026-04-25 14:18:55.333389+00:00,Suceava power station,RO
p16_20260425T141705_5037b797,e43af28e-a3d3-4047-a9cf-f3b0990754b4,nuscale_voygr6,RO,H,0.0,0.0,0.0,15,14,2026-04-25 14:18:55.333393+00:00,Târgu Jiu Thermal Plant,RO
p16_20260425T141705_5037b797,993ccce2-d5e1-498d-827d-8dbfeb42582b,nuscale_voygr6,RS,A,0.8667,0.8667,1.0,15,15,2026-04-25 14:18:55.339331+00:00,Kostolac power station,RS
p16_20260425T141705_5037b797,0182ec25-0df9-4e4b-9861-d76a332bc282,nuscale_voygr6,RS,H,0.0,0.0,0.0,15,14,2026-04-25 14:18:55.339332+00:00,Kolubara A power station,RS
p16_20260425T141705_5037b797,d30af109-79cb-4ab5-a878-6f574b58116a,nuscale_voygr6,RS,H,0.0,0.0,0.0,15,14,2026-04-25 14:18:55.339333+00:00,Kolubara B power station,RS
p16_20260425T141705_5037b797,5d4aee8d-9e73-4987-907a-d092e0ba92ed,nuscale_voygr6,RS,H,0.0,0.0,0.0,15,15,2026-04-25 14:18:55.339333+00:00,Kovin power station,RS
p16_20260425T141705_5037b797,2b03f2e2-64ac-4262-bbff-7a536bda5722,nuscale_voygr6,RS,H,0.1333,0.1333,0.1333,15,14,2026-04-25 14:18:55.339332+00:00,Morava power station,RS
p16_20260425T141705_5037b797,c8f15aca-174b-4be6-a6d9-abfa4685d10d,nuscale_voygr6,RS,H,0.0,0.0,0.0,15,14,2026-04-25 14:18:55.339333+00:00,Nikola Tesla power station,RS
p16_20260425T141705_5037b797,296282b1-d079-4c1e-b2df-12c25128b963,nuscale_voygr6,RS,H,0.0,0.0,0.0,15,14,2026-04-25 14:18:55.339333+00:00,Štavalj Power Station,RS
p16_20260425T141705_5037b797,770f1d3c-e5fd-493c-a376-e708d2abec6c,nuscale_voygr6,SK,A,1.0,1.0,1.0,14,14,2026-04-25 14:18:55.343576+00:00,Vojany I power station,SK
p16_20260425T141705_5037b797,06defca3-9105-437f-afd4-52f5603d9b8e,nuscale_voygr6,SK,H,0.0,0.0,0.0,14,14,2026-04-25 14:18:55.343577+00:00,Martinska power station,SK
p16_20260425T141705_5037b797,c97125b3-20ed-4e21-a853-b928644ec7dd,nuscale_voygr6,SK,H,0.0,0.0,0.0,14,14,2026-04-25 14:18:55.343578+00:00,Novaky power station,SK
p16_20260425T141705_5037b797,1719d38b-61e8-4b01-844b-3a2f85c8a186,nuscale_voygr6,SK,H,0.0,0.0,0.0,14,14,2026-04-25 14:18:55.343578+00:00,Trebisov power station,SK
p16_20260425T141705_5037b797,a2d8261c-3d08-4015-946c-47dbddbd0b98,nuscale_voygr6,SK,H,0.0,0.0,0.0,14,14,2026-04-25 14:18:55.343578+00:00,U.S. Steel Kosice Works power station,SK
p16_20260425T141705_5037b797,778e0750-19f9-426e-a6c7-e0e30645fb97,nuscale_voygr6,TR,A,0.9333,1.0,1.0,15,15,2026-04-25 14:18:55.464005+00:00,Çoban Yıldız power station,TR
p16_20260425T141705_5037b797,ad0c8590-c672-43f2-a813-1217a10f7d2d,nuscale_voygr6,TR,A,1.0,1.0,1.0,15,15,2026-04-25 14:18:55.464002+00:00,Konya Karapınar power station,TR
p16_20260425T141705_5037b797,5fa0dfa9-c272-444e-8e70-80ab55b5d36c,nuscale_voygr6,TR,B,0.1333,0.8667,1.0,15,15,2026-04-25 14:18:55.464005+00:00,Akdeniz Enerji power station,TR
p16_20260425T141705_5037b797,142cad75-648a-495d-8c10-792351e72126,nuscale_voygr6,TR,B,0.1333,0.9333,1.0,15,15,2026-04-25 14:18:55.464005+00:00,Eren-1 power station,TR
p16_20260425T141705_5037b797,9699244b-14c0-4e27-afd1-105494fccd60,nuscale_voygr6,TR,D,0.0,0.0,0.9333,15,15,2026-04-25 14:18:55.464007+00:00,Alpu power station,TR
p16_20260425T141705_5037b797,d12e7ffc-4cd3-4ff4-81da-ae360d59409b,nuscale_voygr6,TR,D,0.0,0.0,0.9333,15,15,2026-04-25 14:18:55.464008+00:00,Çebi Enerji power station,TR
p16_20260425T141705_5037b797,c657c5c3-38a2-472d-8962-9e7cefcd2c1e,nuscale_voygr6,TR,D,0.0,0.0,0.9333,15,15,2026-04-25 14:18:55.464008+00:00,Diler (Akbayir) Elbistan power station,TR
p16_20260425T141705_5037b797,cb08e7b6-0af3-45d9-95c3-3832e7e2677c,nuscale_voygr6,TR,D,0.1333,0.1333,0.9333,15,14,2026-04-25 14:18:55.464006+00:00,Filyos power station,TR
p16_20260425T141705_5037b797,e780e4ac-0506-4186-9b58-0f378f878345,nuscale_voygr6,TR,D,0.0,0.1333,0.9333,15,14,2026-04-25 14:18:55.464006+00:00,Gerze power station,TR
p16_20260425T141705_5037b797,cc635340-954c-4428-9fa1-14383c7faceb,nuscale_voygr6,TR,D,0.0,0.0,0.9333,15,15,2026-04-25 14:18:55.464008+00:00,İÇDAŞ Bekirli power station,TR
p16_20260425T141705_5037b797,bfadbe66-971d-4f64-b222-604a7ee6ac6b,nuscale_voygr6,TR,D,0.0,0.1333,0.8667,15,14,2026-04-25 14:18:55.464007+00:00,Kangal Etyemez power station,TR
p16_20260425T141705_5037b797,0248611c-b745-404f-ad50-c2870882c7a1,nuscale_voygr6,TR,D,0.0,0.1333,0.9333,15,14,2026-04-25 14:18:55.464006+00:00,Kangal power station,TR
p16_20260425T141705_5037b797,d1863136-5ff4-4b4d-a9c0-6219e92d637d,nuscale_voygr6,TR,D,0.0,0.1333,0.8,15,14,2026-04-25 14:18:55.464007+00:00,Sarp Golvasi power station,TR
p16_20260425T141705_5037b797,e03c394f-1c08-4101-b1fe-f6662fe4b424,nuscale_voygr6,TR,D,0.0,0.1333,0.7333,15,14,2026-04-25 14:18:55.464007+00:00,Sinop Akfen power station,TR
p16_20260425T141705_5037b797,d6cb5642-d5ec-4a15-bc6b-8be4cb0a382e,nuscale_voygr6,TR,D,0.1333,0.2,1.0,15,15,2026-04-25 14:18:55.464005+00:00,Yeşilovacık power station,TR
p16_20260425T141705_5037b797,57c0c830-725f-46ee-9322-0a4a3ad9efda,nuscale_voygr6,TR,D,0.0,0.1333,0.8,15,14,2026-04-25 14:18:55.464007+00:00,Yüksek Gölovası power station,TR
p16_20260425T141705_5037b797,d48d2f39-d58f-4299-9b2f-56d194d2d13b,nuscale_voygr6,TR,H,0.0,0.0,0.0,15,14,2026-04-25 14:18:55.464027+00:00,Ada Yesildag Enerji power station,TR
p16_20260425T141705_5037b797,4b11cac9-4fe0-4a2a-9c09-4fe9a0ac6015,nuscale_voygr6,TR,H,0.0,0.0,0.0,15,14,2026-04-25 14:18:55.464018+00:00,Ada Yumurtalık power station,TR
p16_20260425T141705_5037b797,8a5dc384-e272-41ed-9868-a0686ac3fc7e,nuscale_voygr6,TR,H,0.0,0.0,0.1333,15,14,2026-04-25 14:18:55.464011+00:00,Adana Ceyhan power station,TR
p16_20260425T141705_5037b797,e9bc02be-cf10-4b27-9b8a-0d4a954720e4,nuscale_voygr6,TR,H,0.0,0.0,0.1333,15,14,2026-04-25 14:18:55.464012+00:00,Afşin-Elbistan power stations,TR
p16_20260425T141705_5037b797,ce39538c-997e-4a7d-bc32-f164f50f9aa0,nuscale_voygr6,TR,H,0.0,0.0,0.0,15,14,2026-04-25 14:18:55.464026+00:00,Ağan power station,TR
p16_20260425T141705_5037b797,cb825b0f-e315-4221-b194-43d5b472382d,nuscale_voygr6,TR,H,0.0,0.0,0.0,15,14,2026-04-25 14:18:55.464026+00:00,Albayrak Varaka Paper power station,TR
p16_20260425T141705_5037b797,9163ca37-1b31-409d-974f-9e7ed5e5f33d,nuscale_voygr6,TR,H,0.0,0.0,0.0,15,14,2026-04-25 14:18:55.464023+00:00,Amasra Bartın power station,TR
p16_20260425T141705_5037b797,8782d6f2-5f9f-4c67-b9f2-6756857bd200,nuscale_voygr6,TR,H,0.0,0.0,0.0,15,14,2026-04-25 14:18:55.464022+00:00,Ant Enerji power station,TR
p16_20260425T141705_5037b797,b5a75ec8-a2fe-42ad-b33e-ea32e20ebdfb,nuscale_voygr6,TR,H,0.0,0.0,0.1333,15,14,2026-04-25 14:18:55.464012+00:00,Astoria Ceyhan power station,TR
p16_20260425T141705_5037b797,c6b846cb-3a01-4e17-9d51-da4b58fd1827,nuscale_voygr6,TR,H,0.0,0.0,0.0,15,14,2026-04-25 14:18:55.464025+00:00,Atakaş power station,TR
p16_20260425T141705_5037b797,1ce7624e-1d72-4293-8ff4-09096b56ddd2,nuscale_voygr6,TR,H,0.0,0.0,0.0,15,14,2026-04-25 14:18:55.464014+00:00,Atlas Enerji İskenderun power station,TR
p16_20260425T141705_5037b797,7a805295-0cd2-48be-972e-5282c996549c,nuscale_voygr6,TR,H,0.0,0.0,0.0,15,14,2026-04-25 14:18:55.464021+00:00,Ayas power station,TR
p16_20260425T141705_5037b797,b8875ff2-9e9d-4520-8879-c71468e9cc50,nuscale_voygr6,TR,H,0.0,0.0,0.0,15,14,2026-04-25 14:18:55.464025+00:00,Babadere power station,TR
p16_20260425T141705_5037b797,fecb62d9-6fb8-4f8d-83e3-78a7c75adb6e,nuscale_voygr6,TR,H,0.0,0.0,0.1333,15,14,2026-04-25 14:18:55.464013+00:00,Bandırma III power station,TR
p16_20260425T141705_5037b797,1289753b-43db-4058-8fe1-6e38b5fb01b5,nuscale_voygr6,TR,H,0.0,0.0667,0.1333,15,14,2026-04-25 14:18:55.464008+00:00,Barbaros-1 power station,TR
p16_20260425T141705_5037b797,2350bab4-9869-43f1-b62f-a4d5aea77ef5,nuscale_voygr6,TR,H,0.0,0.0,0.0,15,15,2026-04-25 14:18:55.464015+00:00,Biga power station,TR
p16_20260425T141705_5037b797,75f807aa-8278-43a3-8654-730713b96001,nuscale_voygr6,TR,H,0.0,0.0,0.0,15,14,2026-04-25 14:18:55.464020+00:00,Bingöl power station,TR
p16_20260425T141705_5037b797,2b6a65d3-efb0-44d8-b88b-9aad311f4ac4,nuscale_voygr6,TR,H,0.0,0.0,0.1333,15,14,2026-04-25 14:18:55.464009+00:00,Bolu Göynük power station,TR
p16_20260425T141705_5037b797,7b4d3f8f-a644-48a3-93f9-cd3c154dc5c2,nuscale_voygr6,TR,H,0.0,0.0,0.0,15,14,2026-04-25 14:18:55.464021+00:00,Burnaz power station,TR
p16_20260425T141705_5037b797,3bc834ed-5c2b-47d6-b555-2e20b9044053,nuscale_voygr6,TR,H,0.0,0.0,0.0,15,14,2026-04-25 14:18:55.464017+00:00,Bursa power station,TR
p16_20260425T141705_5037b797,e71ec827-7143-48dd-8c8a-8e81705fa971,nuscale_voygr6,TR,H,0.0,0.0,0.0,15,14,2026-04-25 14:18:55.464028+00:00,Çalışkan Ceyhan power station,TR
p16_20260425T141705_5037b797,28980273-0ba6-4c8c-b080-7ff9b33cc4c9,nuscale_voygr6,TR,H,0.0,0.0,0.0,15,14,2026-04-25 14:18:55.464015+00:00,Çan-2 power station,TR
p16_20260425T141705_5037b797,dd413ee8-a6f2-4e7c-8e6c-6d0ed8637d83,nuscale_voygr6,TR,H,0.0,0.0,0.1333,15,14,2026-04-25 14:18:55.464012+00:00,Çankırı Orta power station,TR
p16_20260425T141705_5037b797,fc307877-758b-4dbf-afbe-abfc4a778155,nuscale_voygr6,TR,H,0.0,0.0,0.0,15,14,2026-04-25 14:18:55.464029+00:00,Çankırı Yıldızlar power station,TR
p16_20260425T141705_5037b797,8b16dc60-1a2b-4b2c-bcad-1c334d246ae3,nuscale_voygr6,TR,H,0.0,0.0,0.0,15,14,2026-04-25 14:18:55.464022+00:00,Çatalağzı power station,TR
p16_20260425T141705_5037b797,674deb4f-110c-4120-bea0-5f0711da3ea1,nuscale_voygr6,TR,H,0.0,0.0,0.1333,15,14,2026-04-25 14:18:55.464010+00:00,Çayırhan power station,TR
p16_20260425T141705_5037b797,a4af3789-2c40-41fc-a3ec-3b8d2fc6c645,nuscale_voygr6,TR,H,0.0,0.0,0.0,15,14,2026-04-25 14:18:55.464024+00:00,Çelikler Yumurtalık power station,TR
p16_20260425T141705_5037b797,a96dc545-41a9-4b0d-a7a3-f40ef711e5e3,nuscale_voygr6,TR,H,0.0,0.0,0.0,15,14,2026-04-25 14:18:55.464024+00:00,Cenal power station,TR
p16_20260425T141705_5037b797,5067ece3-b204-495e-81c1-90a523252547,nuscale_voygr6,TR,H,0.0,0.0,0.0,15,14,2026-04-25 14:18:55.464018+00:00,DETES 1 power station,TR
p16_20260425T141705_5037b797,3f1ad930-cffb-4991-badd-773db74b890c,nuscale_voygr6,TR,H,0.0,0.0,0.0,15,14,2026-04-25 14:18:55.464017+00:00,EMBA Hunutlu power station,TR
p16_20260425T141705_5037b797,f92bc907-9b9b-4d21-92fd-1705bd71128c,nuscale_voygr6,TR,H,0.0,0.0,0.0,15,14,2026-04-25 14:18:55.464028+00:00,Ergene power station,TR
p16_20260425T141705_5037b797,17568f0f-91fd-4efe-b4df-2c7cc5d80b7d,nuscale_voygr6,TR,H,0.0,0.0,0.0,15,14,2026-04-25 14:18:55.464014+00:00,Evrese power station,TR
p16_20260425T141705_5037b797,829f61ff-0ad1-4288-8dd9-e41abbd0b6a7,nuscale_voygr6,TR,H,0.0,0.0,0.0,15,14,2026-04-25 14:18:55.464022+00:00,Gebze Çolakoğlu power station,TR
p16_20260425T141705_5037b797,c9c85786-eb26-4e7b-b280-83a54b7e834f,nuscale_voygr6,TR,H,0.0,0.0,0.0,15,14,2026-04-25 14:18:55.464026+00:00,Gölovası power station,TR
p16_20260425T141705_5037b797,53481b7f-5b85-4bab-be04-4866c2e72c12,nuscale_voygr6,TR,H,0.0,0.0,0.0,15,14,2026-04-25 14:18:55.464019+00:00,Güney Akdeniz power station,TR
p16_20260425T141705_5037b797,d5151598-5a1a-4697-8147-592845ffef6c,nuscale_voygr6,TR,H,0.0,0.0,0.0,15,15,2026-04-25 14:18:55.464027+00:00,Güreci power station,TR
p16_20260425T141705_5037b797,5a19f424-1a15-44e6-bf1b-c2c5886ac1bf,nuscale_voygr6,TR,H,0.0,0.0,0.0,15,14,2026-04-25 14:18:55.464019+00:00,Gürmin Enerji Amasya power station,TR
p16_20260425T141705_5037b797,0947a4c8-4fc1-492f-9c66-2c9a993c7fb0,nuscale_voygr6,TR,H,0.0,0.0,0.0,15,14,2026-04-25 14:18:55.464013+00:00,HEMA Amasra power station,TR
p16_20260425T141705_5037b797,746fc66e-d31f-4c5d-bf5c-ab5031b04b15,nuscale_voygr6,TR,H,0.0,0.0,0.0,15,14,2026-04-25 14:18:55.464020+00:00,İÇDAŞ Biga power station,TR
p16_20260425T141705_5037b797,3819acc8-761d-49ba-89e7-967d3d37ec0e,nuscale_voygr6,TR,H,0.0,0.0,0.0,15,14,2026-04-25 14:18:55.464016+00:00,Irmak power station,TR
p16_20260425T141705_5037b797,6ddc2960-3d72-4d5f-b358-56d1c54f47e0,nuscale_voygr6,TR,H,0.0,0.0,0.0,15,14,2026-04-25 14:18:55.464020+00:00,İsken Sugözü power station,TR
p16_20260425T141705_5037b797,56b8e2a3-1885-431f-9fd1-4cd3bebfad61,nuscale_voygr6,TR,H,0.0,0.0,0.1333,15,14,2026-04-25 14:18:55.464010+00:00,Iztek Ceyhan Komur power station,TR
p16_20260425T141705_5037b797,55cfe45b-6357-40f9-8623-e9916f91f839,nuscale_voygr6,TR,H,0.0,0.0,0.1333,15,14,2026-04-25 14:18:55.464010+00:00,Kahramanmaraş Anadolu power station,TR
p16_20260425T141705_5037b797,ca423571-d2ab-44d4-b5ce-3e649d9cc776,nuscale_voygr6,TR,H,0.0,0.0,0.0,15,14,2026-04-25 14:18:55.464026+00:00,Kandilli power station,TR
p16_20260425T141705_5037b797,0fec985c-c66e-40af-a123-a9ba4db269bb,nuscale_voygr6,TR,H,0.0,0.0,0.0,15,14,2026-04-25 14:18:55.464014+00:00,Karaburun power station,TR
p16_20260425T141705_5037b797,a6478cb9-5b8c-4d64-bbe6-3d3ed6a3da2c,nuscale_voygr6,TR,H,0.0,0.0,0.1333,15,14,2026-04-25 14:18:55.464011+00:00,Karapinar Konya Şeker power station,TR
p16_20260425T141705_5037b797,8dd46a05-6e0c-4009-90ad-bd5909c25622,nuscale_voygr6,TR,H,0.0,0.0,0.0,15,14,2026-04-25 14:18:55.464022+00:00,Kardemir Karabük Demir Çelik power station,TR
p16_20260425T141705_5037b797,d020ac37-4f23-41b1-8f1e-b425b5769424,nuscale_voygr6,TR,H,0.0,0.0,0.0,15,14,2026-04-25 14:18:55.464027+00:00,Kirazlıdere power complex,TR
p16_20260425T141705_5037b797,76cd9b7f-7613-4fd4-95ab-bf534a2e2f5e,nuscale_voygr6,TR,H,0.0,0.0,0.0,15,14,2026-04-25 14:18:55.464020+00:00,Kireçlik power station,TR
p16_20260425T141705_5037b797,5b6be56c-d981-470c-a979-13a8764a34b8,nuscale_voygr6,TR,H,0.0,0.0,0.0,15,15,2026-04-25 14:18:55.464019+00:00,Kıvanç power station,TR
p16_20260425T141705_5037b797,2a3aad60-2bff-4206-8275-f6e2029f9278,nuscale_voygr6,TR,H,0.0,0.0,0.0,15,14,2026-04-25 14:18:55.464016+00:00,Kütahya Domaniç power station,TR
p16_20260425T141705_5037b797,bac4a081-83dc-4aba-8076-b67bfc55f54c,nuscale_voygr6,TR,H,0.0,0.0,0.0,15,14,2026-04-25 14:18:55.464025+00:00,Lüminer Enerji power station,TR
p16_20260425T141705_5037b797,c8e1cc12-080a-4e01-925d-8fd6e4334856,nuscale_voygr6,TR,H,0.0,0.0,0.0,15,15,2026-04-25 14:18:55.464025+00:00,Meda power station,TR
p16_20260425T141705_5037b797,1820429d-bd95-4e56-a6db-d9bb57e2ae07,nuscale_voygr6,TR,H,0.0,0.0,0.0,15,14,2026-04-25 14:18:55.464014+00:00,Mersin Gülnar power station,TR
p16_20260425T141705_5037b797,42d5b3fd-7d07-409b-9154-4441695b7901,nuscale_voygr6,TR,H,0.0,0.0,0.0,15,14,2026-04-25 14:18:55.464017+00:00,Mert power station,TR
p16_20260425T141705_5037b797,166f5fcc-1cc4-4cf5-9e52-59e7ce1557c6,nuscale_voygr6,TR,H,0.0,0.0,0.1333,15,14,2026-04-25 14:18:55.464009+00:00,METES power station,TR
p16_20260425T141705_5037b797,b588126a-42d6-49dc-b227-9283af5a2578,nuscale_voygr6,TR,H,0.0,0.0,0.0,15,14,2026-04-25 14:18:55.464024+00:00,Misis Adana power station,TR
p16_20260425T141705_5037b797,0049a899-af5f-41cd-86ae-2ba729b6365f,nuscale_voygr6,TR,H,0.0,0.0,0.0,15,14,2026-04-25 14:18:55.464013+00:00,Muğla power station,TR
p16_20260425T141705_5037b797,5ed91c1b-0a1b-4a4c-9b2b-f6bdc8ff9770,nuscale_voygr6,TR,H,0.0,0.0,0.0,15,15,2026-04-25 14:18:55.464019+00:00,Namal power station,TR
p16_20260425T141705_5037b797,21ccc44f-3244-4e7f-9654-eae424288200,nuscale_voygr6,TR,H,0.0,0.0,0.0,15,14,2026-04-25 14:18:55.464015+00:00,Naren Karabiga power station,TR
p16_20260425T141705_5037b797,f2e65fcf-afc4-4443-ac14-f15c8ffe48f3,nuscale_voygr6,TR,H,0.0,0.0,0.1333,15,14,2026-04-25 14:18:55.464012+00:00,Orta Anadolu power station,TR
p16_20260425T141705_5037b797,231565d3-4f56-43ee-a357-1f4451c6fbc3,nuscale_voygr6,TR,H,0.0,0.0,0.0,15,14,2026-04-25 14:18:55.464015+00:00,Polat power station,TR
p16_20260425T141705_5037b797,2ed9363f-a9fe-46e5-8b92-c50b47a9077a,nuscale_voygr6,TR,H,0.0,0.0,0.1333,15,14,2026-04-25 14:18:55.464010+00:00,Saltukova power station,TR
p16_20260425T141705_5037b797,db87ce6a-3802-44c5-945f-8a95d3cf111b,nuscale_voygr6,TR,H,0.0,0.0,0.0,15,14,2026-04-25 14:18:55.464027+00:00,Saray Tekirdağ power station,TR
p16_20260425T141705_5037b797,b5ff798e-e059-4d8b-a903-00a1fefc62ab,nuscale_voygr6,TR,H,0.0,0.0,0.0,15,14,2026-04-25 14:18:55.464024+00:00,Sedef II TES power station,TR
p16_20260425T141705_5037b797,3a06636d-c742-4b72-b9cd-21a4537c331b,nuscale_voygr6,TR,H,0.0,0.0,0.0,15,15,2026-04-25 14:18:55.464016+00:00,Selena power station,TR
p16_20260425T141705_5037b797,0ca4ff78-4113-4ad9-ac04-0fd541d42338,nuscale_voygr6,TR,H,0.0,0.0,0.0,15,14,2026-04-25 14:18:55.464013+00:00,Şevketiye Lapseki power station,TR
p16_20260425T141705_5037b797,94a5c55f-c499-41b1-81da-deaa36686399,nuscale_voygr6,TR,H,0.0,0.0,0.1333,15,14,2026-04-25 14:18:55.464011+00:00,Seyitömer power station,TR
p16_20260425T141705_5037b797,cf9150af-0325-44d8-bbaf-493e742f2e2b,nuscale_voygr6,TR,H,0.0,0.0,0.0,15,14,2026-04-25 14:18:55.464026+00:00,Şırnak Galata power station,TR
p16_20260425T141705_5037b797,98019711-a8c3-424a-870e-00d4fea75ed1,nuscale_voygr6,TR,H,0.0,0.0,0.0,15,14,2026-04-25 14:18:55.464023+00:00,Şırnak Silopi (CİNER) power station,TR
p16_20260425T141705_5037b797,9a6447f2-2887-4cce-a115-dc773d7f6eb1,nuscale_voygr6,TR,H,0.0,0.0,0.1333,15,14,2026-04-25 14:18:55.464011+00:00,Soma Kolin power station,TR
p16_20260425T141705_5037b797,96129c93-83a6-4b1c-929b-bfccba86a796,nuscale_voygr6,TR,H,0.0,0.0,0.0,15,14,2026-04-25 14:18:55.464023+00:00,Suluova power station,TR
p16_20260425T141705_5037b797,43f99d45-6635-4392-a522-4a06445fdaf2,nuscale_voygr6,TR,H,0.0,0.0,0.0,15,14,2026-04-25 14:18:55.464017+00:00,Teyo Tufanbeyli power station,TR
p16_20260425T141705_5037b797,44362378-9c74-44af-8a08-be4877f50e97,nuscale_voygr6,TR,H,0.0,0.0,0.0,15,14,2026-04-25 14:18:55.464018+00:00,Tosyalı İskenderun power station,TR
p16_20260425T141705_5037b797,9eb693f6-6994-4937-bc4d-e8213baa5d47,nuscale_voygr6,TR,H,0.0,0.0,0.0,15,14,2026-04-25 14:18:55.464023+00:00,Trakya Emba power station,TR
p16_20260425T141705_5037b797,6c9571c4-5d3b-4f88-a7be-fa8c21425eeb,nuscale_voygr6,TR,H,0.0,0.0,0.1333,15,14,2026-04-25 14:18:55.464010+00:00,Tufanbeyli power station,TR
p16_20260425T141705_5037b797,2ec95392-978d-4a43-85b9-af3282c212ba,nuscale_voygr6,TR,H,0.0,0.0667,0.1333,15,14,2026-04-25 14:18:55.464009+00:00,Tunçbilek power station,TR
p16_20260425T141705_5037b797,ddc8bb9c-bf77-4075-b38c-600fb072acf8,nuscale_voygr6,TR,H,0.0,0.0,0.0,15,14,2026-04-25 14:18:55.464028+00:00,Uluköy power station,TR
p16_20260425T141705_5037b797,d3f986d9-a023-4d43-a0fb-03361f310873,nuscale_voygr6,TR,H,0.0,0.0,0.1333,15,14,2026-04-25 14:18:55.464012+00:00,Umut power station,TR
p16_20260425T141705_5037b797,381221dd-76da-4adf-9b19-5da9f0779c22,nuscale_voygr6,TR,H,0.0,0.0,0.0,15,14,2026-04-25 14:18:55.464016+00:00,Vize power station,TR
p16_20260425T141705_5037b797,52028d4f-7796-4463-832e-cff2e439c96a,nuscale_voygr6,TR,H,0.0,0.0,0.0,15,14,2026-04-25 14:18:55.464018+00:00,Yenidere power station,TR
p16_20260425T141705_5037b797,737b6d06-1d0c-4ae6-9683-ab3fea192b32,nuscale_voygr6,TR,H,0.0,0.0,0.0,15,14,2026-04-25 14:18:55.464020+00:00,Yeniköy power station,TR
p16_20260425T141705_5037b797,e8b6e342-2011-4343-b415-a8bf08501499,nuscale_voygr6,TR,H,0.0,0.0,0.0,15,14,2026-04-25 14:18:55.464028+00:00,Yeniyurt power station,TR
p16_20260425T141705_5037b797,225656d9-8709-4c2f-9992-1e4f20a6fce8,nuscale_voygr6,TR,H,0.0,0.0,0.2,15,14,2026-04-25 14:18:55.464009+00:00,Yıldırım Elazığ power station,TR
p16_20260425T141705_5037b797,91f28dbb-16bd-449b-a20a-dc2b70cf2e66,nuscale_voygr6,TR,H,0.0,0.0,0.0,15,14,2026-04-25 14:18:55.464023+00:00,Yumurtalık IC İçtaş power station,TR
p16_20260425T141705_5037b797,48149515-0774-404d-b273-790b660a8d90,nuscale_voygr6,TR,H,0.0,0.0,0.0,15,14,2026-04-25 14:18:55.464018+00:00,Yunus Emre power station,TR
p16_20260425T141705_5037b797,772e2484-419b-47de-9739-924ac371ad10,nuscale_voygr6,TR,H,0.0,0.0,0.0,15,14,2026-04-25 14:18:55.464021+00:00,Zafer power station,TR
p16_20260425T141705_5037b797,1f305180-6bbf-4758-9a98-78bc9e96e195,nuscale_voygr6,TR,H,0.0,0.0,0.0,15,14,2026-04-25 14:18:55.464015+00:00,ZETES power stations,TR
p16_20260425T141705_5037b797,fa6b7ac3-c1bf-478f-8d0a-1f357ea480cf,nuscale_voygr6,TR,H,0.0,0.0,0.0,15,14,2026-04-25 14:18:55.464029+00:00,Zonguldak Modern power station,TR
p16_20260425T141705_5037b797,7cc9cffa-e4e4-4546-902d-c8f4800dbdb2,nuscale_voygr6,TR,H,0.0,0.0,0.0,15,14,2026-04-25 14:18:55.464021+00:00,Zorlu Akçakoca power station,TR
p16_20260425T141705_5037b797,447a9ea1-47fa-48a3-93f2-a77cbd629ac7,nuscale_voygr6,UA,A,1.0,1.0,1.0,14,14,2026-04-25 14:18:55.482292+00:00,Starobesheve power station,UA
p16_20260425T141705_5037b797,c47eb6a3-49c1-4879-95b6-9bcd53b7af04,nuscale_voygr6,UA,D,0.0,0.0,1.0,14,14,2026-04-25 14:18:55.482294+00:00,Burshtyn power station,UA
p16_20260425T141705_5037b797,5ed0a674-a292-44bc-997f-5c1990da1235,nuscale_voygr6,UA,D,0.0,0.0,0.7857,14,14,2026-04-25 14:18:55.482294+00:00,Dobrotvir power station,UA
p16_20260425T141705_5037b797,3657989a-61ae-4fe3-9e8b-6ba7e68f8c59,nuscale_voygr6,UA,D,0.0,0.0,0.7857,14,14,2026-04-25 14:18:55.482294+00:00,Vuglegirska power station,UA
p16_20260425T141705_5037b797,29b3a802-7ef1-4722-ad59-b1511b1b0075,nuscale_voygr6,UA,D,0.0,0.0,1.0,14,14,2026-04-25 14:18:55.482293+00:00,Zmiivska power station,UA
p16_20260425T141705_5037b797,e4c6a713-99e6-4fdf-afaa-d456779c504c,nuscale_voygr6,UA,H,0.0,0.0,0.0,14,14,2026-04-25 14:18:55.482297+00:00,Chernihiv power station,UA
p16_20260425T141705_5037b797,fb7d4d9a-3f27-4b50-9941-6a8fccd25e9a,nuscale_voygr6,UA,H,0.0,0.0,0.0,14,14,2026-04-25 14:18:55.482297+00:00,Kalush power station,UA
p16_20260425T141705_5037b797,83fede8b-5f92-429d-920d-9a8928a74780,nuscale_voygr6,UA,H,0.0,0.0,0.0,14,14,2026-04-25 14:18:55.482296+00:00,Kryvorizka power station,UA
p16_20260425T141705_5037b797,46b96bc3-b190-4045-9c86-eb674e2ea35e,nuscale_voygr6,UA,H,0.0,0.1429,0.1429,14,14,2026-04-25 14:18:55.482295+00:00,Kurakhov power station,UA
p16_20260425T141705_5037b797,cec871bd-c7f6-4444-b0da-9b3a9ecc6963,nuscale_voygr6,UA,H,0.0,0.0,0.0,14,14,2026-04-25 14:18:55.482296+00:00,Ladyzhyn power station,UA
p16_20260425T141705_5037b797,4e45df00-0d28-44d0-9697-3fa33d76fc88,nuscale_voygr6,UA,H,0.0,0.0,0.0,14,14,2026-04-25 14:18:55.482295+00:00,Luganskaya power station,UA
p16_20260425T141705_5037b797,3bd2a957-ff3b-4bfd-9dba-808279edccb9,nuscale_voygr6,UA,H,0.0,0.0,0.0,14,14,2026-04-25 14:18:55.482295+00:00,Myronivskyi power station,UA
p16_20260425T141705_5037b797,02253fcc-4fc6-42d4-a6a8-42365487302f,nuscale_voygr6,UA,H,0.0,0.0,0.0714,14,14,2026-04-25 14:18:55.482295+00:00,Prydniprovska power station,UA
p16_20260425T141705_5037b797,70781f2c-24c2-486c-8b32-310c36ba1238,nuscale_voygr6,UA,H,0.0,0.0,0.0,14,14,2026-04-25 14:18:55.482296+00:00,Slavyansk power station,UA
p16_20260425T141705_5037b797,cdb6adfb-52ff-4631-939a-001080b20450,nuscale_voygr6,UA,H,0.0,0.0,0.0714,14,14,2026-04-25 14:18:55.482295+00:00,Trypilska power station,UA
p16_20260425T141705_5037b797,725406d6-860f-4ca0-9c6a-425675bac381,nuscale_voygr6,UA,H,0.0,0.0,0.0,14,14,2026-04-25 14:18:55.482296+00:00,Zaporizhia power station,UA
p16_20260425T141705_5037b797,f2c061de-66ad-4fce-b911-7f1899f25b75,nuscale_voygr6,UA,H,0.0,0.0,0.0,14,14,2026-04-25 14:18:55.482297+00:00,Zuevskaya power station,UA
p16_20260425T141705_5037b797,778e0750-19f9-426e-a6c7-e0e30645fb97,nuscale_voygr6,XX,A,0.8667,0.9333,1.0,15,15,2026-04-25 14:18:51.785949+00:00,Çoban Yıldız power station,TR
p16_20260425T141705_5037b797,ad0c8590-c672-43f2-a813-1217a10f7d2d,nuscale_voygr6,XX,A,0.8,0.9333,1.0,15,15,2026-04-25 14:18:51.785949+00:00,Konya Karapınar power station,TR
p16_20260425T141705_5037b797,52db4dae-b014-45a4-96c4-49f80c1fdd11,nuscale_voygr6,XX,A,1.0,1.0,1.0,15,15,2026-04-25 14:18:51.785948+00:00,Opalenie power station,PL
p16_20260425T141705_5037b797,2981a12d-3444-4301-96ba-a63ef50bec3e,nuscale_voygr6,XX,A,0.8667,0.9333,0.9333,15,14,2026-04-25 14:18:51.785949+00:00,Polaniec power station,PL
p16_20260425T141705_5037b797,345fb795-170a-4fb5-833c-f6bcf2eb450c,nuscale_voygr6,XX,A,1.0,1.0,1.0,15,15,2026-04-25 14:18:51.785944+00:00,Turceni power station,RO
p16_20260425T141705_5037b797,558e7bff-5b5d-4666-9ca3-ec02f2269aab,nuscale_voygr6,XX,B,0.2667,0.9333,1.0,15,15,2026-04-25 14:18:51.785950+00:00,Dolna Odra power station,PL
p16_20260425T141705_5037b797,142cad75-648a-495d-8c10-792351e72126,nuscale_voygr6,XX,B,0.1333,0.8667,1.0,15,15,2026-04-25 14:18:51.785950+00:00,Eren-1 power station,TR
p16_20260425T141705_5037b797,dadadad9-b67e-44b8-a9ab-4cbf116da20b,nuscale_voygr6,XX,B,0.2,0.9333,1.0,15,15,2026-04-25 14:18:51.785950+00:00,Puchaczow power station,PL
p16_20260425T141705_5037b797,5fa0dfa9-c272-444e-8e70-80ab55b5d36c,nuscale_voygr6,XX,C,0.0667,0.6,1.0,15,15,2026-04-25 14:18:51.785951+00:00,Akdeniz Enerji power station,TR
p16_20260425T141705_5037b797,f7dcdb63-26e6-44cd-b440-ec14fe507d90,nuscale_voygr6,XX,D,0.0,0.0,0.9333,15,14,2026-04-25 14:18:51.785956+00:00,Borsod power station,HU
p16_20260425T141705_5037b797,323cdbf0-c4a8-467a-af76-e2e3df0b537f,nuscale_voygr6,XX,D,0.0,0.0,0.9333,15,15,2026-04-25 14:18:51.785955+00:00,Braila power station,RO
p16_20260425T141705_5037b797,29836b52-a882-4921-95a7-6417e636d9a2,nuscale_voygr6,XX,D,0.0,0.3333,0.9333,15,15,2026-04-25 14:18:51.785952+00:00,Braila power station,RO
p16_20260425T141705_5037b797,c47eb6a3-49c1-4879-95b6-9bcd53b7af04,nuscale_voygr6,XX,D,0.0,0.0,0.9333,15,14,2026-04-25 14:18:51.785956+00:00,Burshtyn power station,UA
p16_20260425T141705_5037b797,d762ceeb-514f-43a6-9f91-a2d422ed6c60,nuscale_voygr6,XX,D,0.0,0.0667,0.9333,15,14,2026-04-25 14:18:51.785955+00:00,Chvaletice power station,CZ
p16_20260425T141705_5037b797,c657c5c3-38a2-472d-8962-9e7cefcd2c1e,nuscale_voygr6,XX,D,0.0,0.0,0.8,15,15,2026-04-25 14:18:51.785957+00:00,Diler (Akbayir) Elbistan power station,TR
p16_20260425T141705_5037b797,5ed0a674-a292-44bc-997f-5c1990da1235,nuscale_voygr6,XX,D,0.0,0.0,0.8667,15,14,2026-04-25 14:18:51.785957+00:00,Dobrotvir power station,UA
p16_20260425T141705_5037b797,c39819ef-6798-4c01-9a82-9eead65b5f56,nuscale_voygr6,XX,D,0.1333,0.1333,0.9333,15,14,2026-04-25 14:18:51.785951+00:00,Konin power station,PL
p16_20260425T141705_5037b797,993ccce2-d5e1-498d-827d-8dbfeb42582b,nuscale_voygr6,XX,D,0.0,0.0,0.8,15,15,2026-04-25 14:18:51.785957+00:00,Kostolac power station,RS
p16_20260425T141705_5037b797,b3eb5dd2-98cf-40c4-b9ee-2a86fd066093,nuscale_voygr6,XX,D,0.0,0.0,0.9333,15,14,2026-04-25 14:18:51.785956+00:00,Kuchurgan power station,MD
p16_20260425T141705_5037b797,997474f6-9bfd-4abd-a2ac-d8618db8f0b4,nuscale_voygr6,XX,D,0.0,0.3333,0.9333,15,14,2026-04-25 14:18:51.785952+00:00,Mohacs power station,HU
p16_20260425T141705_5037b797,1d19dce6-c458-4656-901d-6a8d3c548761,nuscale_voygr6,XX,D,0.0667,0.2,0.9333,15,14,2026-04-25 14:18:51.785952+00:00,Opole power station,PL
p16_20260425T141705_5037b797,ab57f5c3-8699-46f9-970f-3007dfc58af4,nuscale_voygr6,XX,D,0.0,0.0667,0.9333,15,14,2026-04-25 14:18:51.785954+00:00,Patnow power station,PL
p16_20260425T141705_5037b797,32484f7b-18a4-4b21-8e6a-6d68ae099d02,nuscale_voygr6,XX,D,0.0,0.0667,0.9333,15,14,2026-04-25 14:18:51.785954+00:00,Pocerady power station,CZ
p16_20260425T141705_5037b797,b24f9ac5-5ddf-4b19-ba95-76dafeca3d2c,nuscale_voygr6,XX,D,0.0,0.1333,0.8667,15,14,2026-04-25 14:18:51.785953+00:00,Pólnoc power station,PL
p16_20260425T141705_5037b797,ee332928-87b2-4e7b-9203-20e402bc551f,nuscale_voygr6,XX,D,0.0667,0.1333,0.9333,15,14,2026-04-25 14:18:51.785952+00:00,Pulawy ZAP Works power station,PL
p16_20260425T141705_5037b797,c3790475-3d3b-4e2b-92ae-24503fe03e6b,nuscale_voygr6,XX,D,0.0,0.0667,0.9333,15,15,2026-04-25 14:18:51.785955+00:00,Romag Termo power station,RO
p16_20260425T141705_5037b797,a67255dd-8134-418e-9377-e28516c53722,nuscale_voygr6,XX,D,0.1333,0.1333,0.9333,15,14,2026-04-25 14:18:51.785951+00:00,Siekierki power station,PL
p16_20260425T141705_5037b797,f5be4e73-938d-4fe2-b585-5090ec780670,nuscale_voygr6,XX,D,0.1333,0.1333,0.9333,15,14,2026-04-25 14:18:51.785951+00:00,Skawina power station,PL
p16_20260425T141705_5037b797,447a9ea1-47fa-48a3-93f2-a77cbd629ac7,nuscale_voygr6,XX,D,0.0,0.0667,0.9333,15,14,2026-04-25 14:18:51.785954+00:00,Starobesheve power station,UA
p16_20260425T141705_5037b797,2dcd2c6d-f375-4408-9492-7910662fac03,nuscale_voygr6,XX,D,0.0,0.0,0.6667,15,14,2026-04-25 14:18:51.785958+00:00,Timelkam power station,AT
p16_20260425T141705_5037b797,cd84938d-eea8-47a1-8ea6-2e9f943e5914,nuscale_voygr6,XX,D,0.0,0.0,0.9333,15,14,2026-04-25 14:18:51.785956+00:00,Turów power station,PL
p16_20260425T141705_5037b797,a064c7ae-e699-4a94-a18c-79bdfe42bce3,nuscale_voygr6,XX,D,0.0,0.1333,0.8,15,14,2026-04-25 14:18:51.785953+00:00,Vidin Works power station,BG
p16_20260425T141705_5037b797,770f1d3c-e5fd-493c-a376-e708d2abec6c,nuscale_voygr6,XX,D,0.0,0.0,0.9333,15,14,2026-04-25 14:18:51.785956+00:00,Vojany I power station,SK
p16_20260425T141705_5037b797,3657989a-61ae-4fe3-9e8b-6ba7e68f8c59,nuscale_voygr6,XX,D,0.0,0.0,0.8667,15,14,2026-04-25 14:18:51.785957+00:00,Vuglegirska power station,UA
p16_20260425T141705_5037b797,d6cb5642-d5ec-4a15-bc6b-8be4cb0a382e,nuscale_voygr6,XX,D,0.0,0.1333,0.9333,15,15,2026-04-25 14:18:51.785953+00:00,Yeşilovacık power station,TR
p16_20260425T141705_5037b797,a55e3643-8ed4-434b-b14f-2d549d09c0d9,nuscale_voygr6,XX,D,0.0,0.0667,0.9333,15,15,2026-04-25 14:18:51.785954+00:00,Zarnowiec power station,PL
p16_20260425T141705_5037b797,fac3d0b5-36a5-48ae-8494-f2f08e4342f4,nuscale_voygr6,XX,D,0.0,0.2667,0.9333,15,15,2026-04-25 14:18:51.785952+00:00,Zelwa power station,BY
p16_20260425T141705_5037b797,29b3a802-7ef1-4722-ad59-b1511b1b0075,nuscale_voygr6,XX,D,0.0,0.0,0.9333,15,14,2026-04-25 14:18:51.785955+00:00,Zmiivska power station,UA
p16_20260425T141705_5037b797,f2c061de-66ad-4fce-b911-7f1899f25b75,nuscale_voygr6,XX,D,0.0,0.0,0.8,15,14,2026-04-25 14:18:51.785958+00:00,Zuevskaya power station,UA
p16_20260425T141705_5037b797,202d797d-b0f9-4cd0-bbac-d7bb06805c09,nuscale_voygr6,XX,D,0.0,0.1333,0.9333,15,14,2026-04-25 14:18:51.785953+00:00,ZW Nowa power station,PL
p16_20260425T141705_5037b797,2fe0a0b3-4108-427e-8e54-f77e1ea7227c,nuscale_voygr6,XX,E,0.0,0.0,0.6,15,14,2026-04-25 14:18:51.785958+00:00,Ledvice power station,CZ
p16_20260425T141705_5037b797,46b96bc3-b190-4045-9c86-eb674e2ea35e,nuscale_voygr6,XX,F,0.0,0.0667,0.4,15,14,2026-04-25 14:18:51.785958+00:00,Kurakhov power station,UA
p16_20260425T141705_5037b797,c97125b3-20ed-4e21-a853-b928644ec7dd,nuscale_voygr6,XX,F,0.0,0.0,0.4667,15,14,2026-04-25 14:18:51.785959+00:00,Novaky power station,SK
p16_20260425T141705_5037b797,5d4aee8d-9e73-4987-907a-d092e0ba92ed,nuscale_voygr6,XX,G,0.0,0.0,0.2667,15,15,2026-04-25 14:18:51.785959+00:00,Kovin power station,RS
p16_20260425T141705_5037b797,4e45df00-0d28-44d0-9697-3fa33d76fc88,nuscale_voygr6,XX,G,0.0,0.0,0.3333,15,14,2026-04-25 14:18:51.785959+00:00,Luganskaya power station,UA
p16_20260425T141705_5037b797,f3523341-daaa-4573-a856-becb2e1bb9e3,nuscale_voygr6,XX,G,0.0,0.0,0.3333,15,14,2026-04-25 14:18:51.785959+00:00,Melnik power station,CZ
p16_20260425T141705_5037b797,d48d2f39-d58f-4299-9b2f-56d194d2d13b,nuscale_voygr6,XX,H,0.0,0.0,0.0,15,14,2026-04-25 14:18:51.786003+00:00,Ada Yesildag Enerji power station,TR
p16_20260425T141705_5037b797,4b11cac9-4fe0-4a2a-9c09-4fe9a0ac6015,nuscale_voygr6,XX,H,0.0,0.0,0.0,15,14,2026-04-25 14:18:51.785983+00:00,Ada Yumurtalık power station,TR
p16_20260425T141705_5037b797,e4e3b5f0-7038-47a5-84e3-04eb07b3c4d7,nuscale_voygr6,XX,H,0.0,0.0,0.1333,15,14,2026-04-25 14:18:51.785968+00:00,Adamow power station,PL
p16_20260425T141705_5037b797,8a5dc384-e272-41ed-9868-a0686ac3fc7e,nuscale_voygr6,XX,H,0.0,0.0,0.0,15,14,2026-04-25 14:18:51.785992+00:00,Adana Ceyhan power station,TR
p16_20260425T141705_5037b797,e9bc02be-cf10-4b27-9b8a-0d4a954720e4,nuscale_voygr6,XX,H,0.0,0.0,0.0,15,14,2026-04-25 14:18:51.786007+00:00,Afşin-Elbistan power stations,TR
p16_20260425T141705_5037b797,ce39538c-997e-4a7d-bc32-f164f50f9aa0,nuscale_voygr6,XX,H,0.0,0.0,0.0,15,14,2026-04-25 14:18:51.786002+00:00,Ağan power station,TR
p16_20260425T141705_5037b797,cb825b0f-e315-4221-b194-43d5b472382d,nuscale_voygr6,XX,H,0.0,0.0,0.0,15,14,2026-04-25 14:18:51.786001+00:00,Albayrak Varaka Paper power station,TR
p16_20260425T141705_5037b797,9699244b-14c0-4e27-afd1-105494fccd60,nuscale_voygr6,XX,H,0.0,0.0,0.0667,15,15,2026-04-25 14:18:51.785969+00:00,Alpu power station,TR
p16_20260425T141705_5037b797,9163ca37-1b31-409d-974f-9e7ed5e5f33d,nuscale_voygr6,XX,H,0.0,0.0,0.0,15,14,2026-04-25 14:18:51.785994+00:00,Amasra Bartın power station,TR
p16_20260425T141705_5037b797,8782d6f2-5f9f-4c67-b9f2-6756857bd200,nuscale_voygr6,XX,H,0.0,0.0,0.0,15,14,2026-04-25 14:18:51.785992+00:00,Ant Enerji power station,TR
p16_20260425T141705_5037b797,5a33e5f0-6d86-4eab-adea-6c6bad7f3f45,nuscale_voygr6,XX,H,0.0,0.0,0.0,15,14,2026-04-25 14:18:51.785985+00:00,Arad power station,RO
p16_20260425T141705_5037b797,b5a75ec8-a2fe-42ad-b33e-ea32e20ebdfb,nuscale_voygr6,XX,H,0.0,0.0,0.0,15,14,2026-04-25 14:18:51.785999+00:00,Astoria Ceyhan power station,TR
p16_20260425T141705_5037b797,c6b846cb-3a01-4e17-9d51-da4b58fd1827,nuscale_voygr6,XX,H,0.0,0.0,0.0,15,14,2026-04-25 14:18:51.786000+00:00,Atakaş power station,TR
p16_20260425T141705_5037b797,1ce7624e-1d72-4293-8ff4-09096b56ddd2,nuscale_voygr6,XX,H,0.0,0.0,0.0,15,14,2026-04-25 14:18:51.785975+00:00,Atlas Enerji İskenderun power station,TR
p16_20260425T141705_5037b797,7a805295-0cd2-48be-972e-5282c996549c,nuscale_voygr6,XX,H,0.0,0.0,0.0,15,14,2026-04-25 14:18:51.785990+00:00,Ayas power station,TR
p16_20260425T141705_5037b797,b8875ff2-9e9d-4520-8879-c71468e9cc50,nuscale_voygr6,XX,H,0.0,0.0,0.0,15,14,2026-04-25 14:18:51.785999+00:00,Babadere power station,TR
p16_20260425T141705_5037b797,dac2a974-a2de-46c5-b581-03985a9ae7d0,nuscale_voygr6,XX,H,0.0,0.0,0.0,15,14,2026-04-25 14:18:51.786004+00:00,Bacau CHP power station,RO
p16_20260425T141705_5037b797,ef325d90-6d2d-4f8f-89f2-3bc98beb149b,nuscale_voygr6,XX,H,0.0,0.0,0.0,15,14,2026-04-25 14:18:51.786007+00:00,Bakony power station,HU
p16_20260425T141705_5037b797,fecb62d9-6fb8-4f8d-83e3-78a7c75adb6e,nuscale_voygr6,XX,H,0.0,0.0,0.0,15,14,2026-04-25 14:18:51.786009+00:00,Bandırma III power station,TR
p16_20260425T141705_5037b797,f2b3a729-602a-4b6b-acc9-004244f2e556,nuscale_voygr6,XX,H,0.0,0.0,0.0,15,14,2026-04-25 14:18:51.786007+00:00,Banhida-II power station,HU
p16_20260425T141705_5037b797,82011c29-a3d3-4a81-a27b-019d2649a251,nuscale_voygr6,XX,H,0.0,0.0,0.0,15,14,2026-04-25 14:18:51.785991+00:00,Banovici power station,BA
p16_20260425T141705_5037b797,3795824b-cb76-48dd-a65c-764c757ddc76,nuscale_voygr6,XX,H,0.0,0.0,0.0,15,14,2026-04-25 14:18:51.785979+00:00,Bar power station,ME
p16_20260425T141705_5037b797,1289753b-43db-4058-8fe1-6e38b5fb01b5,nuscale_voygr6,XX,H,0.0,0.0,0.1333,15,14,2026-04-25 14:18:51.785961+00:00,Barbaros-1 power station,TR
p16_20260425T141705_5037b797,8e485f8a-5c68-4541-ab1d-77783f6fcb2d,nuscale_voygr6,XX,H,0.0,0.0,0.1333,15,14,2026-04-25 14:18:51.785964+00:00,Belchatow power station,PL
p16_20260425T141705_5037b797,06641fea-8997-4b69-a618-6afa34b82591,nuscale_voygr6,XX,H,0.0,0.0,0.0,15,14,2026-04-25 14:18:51.785971+00:00,Bialystok power station,PL
p16_20260425T141705_5037b797,2350bab4-9869-43f1-b62f-a4d5aea77ef5,nuscale_voygr6,XX,H,0.0,0.0,0.0,15,15,2026-04-25 14:18:51.785976+00:00,Biga power station,TR
p16_20260425T141705_5037b797,75f807aa-8278-43a3-8654-730713b96001,nuscale_voygr6,XX,H,0.0,0.0,0.0,15,14,2026-04-25 14:18:51.785989+00:00,Bingöl power station,TR
p16_20260425T141705_5037b797,1739b1b7-a6f3-466c-9dfa-3d1de9d5b6db,nuscale_voygr6,XX,H,0.0,0.0,0.0,15,14,2026-04-25 14:18:51.785973+00:00,Bitola power station,MK
p16_20260425T141705_5037b797,ccc15bde-1c5a-40bf-8f09-2fcb1e896ce5,nuscale_voygr6,XX,H,0.0,0.0,0.0,15,14,2026-04-25 14:18:51.786002+00:00,Blachownia power station,PL
p16_20260425T141705_5037b797,b01fe781-dbc7-40f8-a544-946288020042,nuscale_voygr6,XX,H,0.0,0.0,0.1333,15,14,2026-04-25 14:18:51.785966+00:00,Bobov Dol power station,BG
p16_20260425T141705_5037b797,2b6a65d3-efb0-44d8-b88b-9aad311f4ac4,nuscale_voygr6,XX,H,0.0,0.0,0.0,15,14,2026-04-25 14:18:51.785978+00:00,Bolu Göynük power station,TR
p16_20260425T141705_5037b797,3bef37a3-239e-498d-a160-77452a6a9b79,nuscale_voygr6,XX,H,0.0,0.0,0.0,15,14,2026-04-25 14:18:51.785981+00:00,Bucharest North East power station,RO
p16_20260425T141705_5037b797,7b4d3f8f-a644-48a3-93f9-cd3c154dc5c2,nuscale_voygr6,XX,H,0.0,0.0,0.0,15,14,2026-04-25 14:18:51.785990+00:00,Burnaz power station,TR
p16_20260425T141705_5037b797,3bc834ed-5c2b-47d6-b555-2e20b9044053,nuscale_voygr6,XX,H,0.0,0.0,0.0,15,14,2026-04-25 14:18:51.785980+00:00,Bursa power station,TR
p16_20260425T141705_5037b797,e71ec827-7143-48dd-8c8a-8e81705fa971,nuscale_voygr6,XX,H,0.0,0.0,0.0,15,14,2026-04-25 14:18:51.786006+00:00,Çalışkan Ceyhan power station,TR
p16_20260425T141705_5037b797,28980273-0ba6-4c8c-b080-7ff9b33cc4c9,nuscale_voygr6,XX,H,0.0,0.0,0.0,15,14,2026-04-25 14:18:51.785977+00:00,Çan-2 power station,TR
p16_20260425T141705_5037b797,dd413ee8-a6f2-4e7c-8e6c-6d0ed8637d83,nuscale_voygr6,XX,H,0.0,0.0,0.0,15,14,2026-04-25 14:18:51.786005+00:00,Çankırı Orta power station,TR
p16_20260425T141705_5037b797,fc307877-758b-4dbf-afbe-abfc4a778155,nuscale_voygr6,XX,H,0.0,0.0,0.0,15,14,2026-04-25 14:18:51.786009+00:00,Çankırı Yıldızlar power station,TR
p16_20260425T141705_5037b797,8b16dc60-1a2b-4b2c-bcad-1c334d246ae3,nuscale_voygr6,XX,H,0.0,0.0,0.0,15,14,2026-04-25 14:18:51.785993+00:00,Çatalağzı power station,TR
p16_20260425T141705_5037b797,674deb4f-110c-4120-bea0-5f0711da3ea1,nuscale_voygr6,XX,H,0.0,0.0,0.0,15,14,2026-04-25 14:18:51.785986+00:00,Çayırhan power station,TR
p16_20260425T141705_5037b797,d12e7ffc-4cd3-4ff4-81da-ae360d59409b,nuscale_voygr6,XX,H,0.0,0.0,0.2,15,15,2026-04-25 14:18:51.785961+00:00,Çebi Enerji power station,TR
p16_20260425T141705_5037b797,a4af3789-2c40-41fc-a3ec-3b8d2fc6c645,nuscale_voygr6,XX,H,0.0,0.0,0.0,15,14,2026-04-25 14:18:51.785996+00:00,Çelikler Yumurtalık power station,TR
p16_20260425T141705_5037b797,a96dc545-41a9-4b0d-a7a3-f40ef711e5e3,nuscale_voygr6,XX,H,0.0,0.0,0.0,15,14,2026-04-25 14:18:51.785997+00:00,Cenal power station,TR
p16_20260425T141705_5037b797,e4c6a713-99e6-4fdf-afaa-d456779c504c,nuscale_voygr6,XX,H,0.0,0.0,0.0,15,14,2026-04-25 14:18:51.786006+00:00,Chernihiv power station,UA
p16_20260425T141705_5037b797,a6b51b4f-ba1d-49cd-bc99-8898acdbeb78,nuscale_voygr6,XX,H,0.0,0.0,0.0,15,14,2026-04-25 14:18:51.785997+00:00,Czeczott power station,PL
p16_20260425T141705_5037b797,5067ece3-b204-495e-81c1-90a523252547,nuscale_voygr6,XX,H,0.0,0.0,0.0,15,14,2026-04-25 14:18:51.785983+00:00,DETES 1 power station,TR
p16_20260425T141705_5037b797,a733fc13-11a4-4722-b62d-85c85a4f8ef3,nuscale_voygr6,XX,H,0.0,0.0,0.0667,15,14,2026-04-25 14:18:51.785970+00:00,Detmarovice power station,CZ
p16_20260425T141705_5037b797,aff5ffe6-fe7a-4de7-afad-9d4645a64cd9,nuscale_voygr6,XX,H,0.0,0.0,0.0,15,14,2026-04-25 14:18:51.785998+00:00,Doicesti power station,RO
p16_20260425T141705_5037b797,6e7fc4d8-636d-411a-baef-e138a5a07acc,nuscale_voygr6,XX,H,0.0,0.0,0.1333,15,14,2026-04-25 14:18:51.785964+00:00,Duernrohr power station,AT
p16_20260425T141705_5037b797,3f1ad930-cffb-4991-badd-773db74b890c,nuscale_voygr6,XX,H,0.0,0.0,0.0,15,14,2026-04-25 14:18:51.785981+00:00,EMBA Hunutlu power station,TR
p16_20260425T141705_5037b797,532bfb42-0d4c-42cf-a81a-287f2b3a75bf,nuscale_voygr6,XX,H,0.0,0.0,0.1333,15,14,2026-04-25 14:18:51.785963+00:00,Enns Power Station,AT
p16_20260425T141705_5037b797,f92bc907-9b9b-4d21-92fd-1705bd71128c,nuscale_voygr6,XX,H,0.0,0.0,0.0,15,14,2026-04-25 14:18:51.786008+00:00,Ergene power station,TR
p16_20260425T141705_5037b797,17568f0f-91fd-4efe-b4df-2c7cc5d80b7d,nuscale_voygr6,XX,H,0.0,0.0,0.0,15,14,2026-04-25 14:18:51.785974+00:00,Evrese power station,TR
p16_20260425T141705_5037b797,cb08e7b6-0af3-45d9-95c3-3832e7e2677c,nuscale_voygr6,XX,H,0.0,0.0667,0.2,15,14,2026-04-25 14:18:51.785960+00:00,Filyos power station,TR
p16_20260425T141705_5037b797,18ecb024-ee4f-4045-8254-5e95d61dea8c,nuscale_voygr6,XX,H,0.0,0.0,0.0,15,14,2026-04-25 14:18:51.785974+00:00,FPCU Feldioara,RO
p16_20260425T141705_5037b797,85257083-08d1-4560-b198-a9df414da4a9,nuscale_voygr6,XX,H,0.0,0.0,0.0,15,14,2026-04-25 14:18:51.785992+00:00,Gacko Thermal Power Plant,BA
p16_20260425T141705_5037b797,829f61ff-0ad1-4288-8dd9-e41abbd0b6a7,nuscale_voygr6,XX,H,0.0,0.0,0.0,15,14,2026-04-25 14:18:51.785991+00:00,Gebze Çolakoğlu power station,TR
p16_20260425T141705_5037b797,e780e4ac-0506-4186-9b58-0f378f878345,nuscale_voygr6,XX,H,0.0,0.0,0.1333,15,14,2026-04-25 14:18:51.785968+00:00,Gerze power station,TR
p16_20260425T141705_5037b797,6aed2eac-1c97-40c5-b842-fb15fd510f35,nuscale_voygr6,XX,H,0.0,0.0,0.0,15,14,2026-04-25 14:18:51.785987+00:00,Giurgiu power station,RO
p16_20260425T141705_5037b797,c9c85786-eb26-4e7b-b280-83a54b7e834f,nuscale_voygr6,XX,H,0.0,0.0,0.0,15,14,2026-04-25 14:18:51.786001+00:00,Gölovası power station,TR
p16_20260425T141705_5037b797,825dc024-9a53-4237-bf59-cbe0af0cf87d,nuscale_voygr6,XX,H,0.0,0.0,0.0,15,14,2026-04-25 14:18:51.785991+00:00,Govora power station,RO
p16_20260425T141705_5037b797,917008f5-fba1-4ef7-b82d-9aded2b69267,nuscale_voygr6,XX,H,0.0,0.0667,0.2,15,14,2026-04-25 14:18:51.785960+00:00,Gubin Power Project,PL
p16_20260425T141705_5037b797,53481b7f-5b85-4bab-be04-4866c2e72c12,nuscale_voygr6,XX,H,0.0,0.0,0.0,15,14,2026-04-25 14:18:51.785984+00:00,Güney Akdeniz power station,TR
p16_20260425T141705_5037b797,d5151598-5a1a-4697-8147-592845ffef6c,nuscale_voygr6,XX,H,0.0,0.0,0.0,15,15,2026-04-25 14:18:51.786004+00:00,Güreci power station,TR
p16_20260425T141705_5037b797,5a19f424-1a15-44e6-bf1b-c2c5886ac1bf,nuscale_voygr6,XX,H,0.0,0.0,0.0,15,14,2026-04-25 14:18:51.785984+00:00,Gürmin Enerji Amasya power station,TR
p16_20260425T141705_5037b797,29479c3f-8db8-4f62-90e8-59ad6739f90b,nuscale_voygr6,XX,H,0.0,0.0,0.0,15,14,2026-04-25 14:18:51.785977+00:00,Halemba power station,PL
p16_20260425T141705_5037b797,0947a4c8-4fc1-492f-9c66-2c9a993c7fb0,nuscale_voygr6,XX,H,0.0,0.0,0.0,15,14,2026-04-25 14:18:51.785972+00:00,HEMA Amasra power station,TR
p16_20260425T141705_5037b797,180880c2-7284-4723-b02a-a62348b9b40b,nuscale_voygr6,XX,H,0.0,0.0,0.0,15,14,2026-04-25 14:18:51.785974+00:00,Hodonin power station,CZ
p16_20260425T141705_5037b797,1d8be6d0-f3a5-4b32-9d46-3526289731f8,nuscale_voygr6,XX,H,0.0,0.0,0.0,15,14,2026-04-25 14:18:51.785975+00:00,Iasi-2 power station,RO
p16_20260425T141705_5037b797,cc635340-954c-4428-9fa1-14383c7faceb,nuscale_voygr6,XX,H,0.0,0.0,0.0,15,15,2026-04-25 14:18:51.786002+00:00,İÇDAŞ Bekirli power station,TR
p16_20260425T141705_5037b797,746fc66e-d31f-4c5d-bf5c-ab5031b04b15,nuscale_voygr6,XX,H,0.0,0.0,0.0,15,14,2026-04-25 14:18:51.785988+00:00,İÇDAŞ Biga power station,TR
p16_20260425T141705_5037b797,3819acc8-761d-49ba-89e7-967d3d37ec0e,nuscale_voygr6,XX,H,0.0,0.0,0.0,15,14,2026-04-25 14:18:51.785980+00:00,Irmak power station,TR
p16_20260425T141705_5037b797,e073b3f8-4312-4d34-b322-6289a3121af1,nuscale_voygr6,XX,H,0.0,0.0,0.1333,15,14,2026-04-25 14:18:51.785967+00:00,Isalnita power station,RO
p16_20260425T141705_5037b797,6ddc2960-3d72-4d5f-b358-56d1c54f47e0,nuscale_voygr6,XX,H,0.0,0.0,0.0,15,14,2026-04-25 14:18:51.785987+00:00,İsken Sugözü power station,TR
p16_20260425T141705_5037b797,56b8e2a3-1885-431f-9fd1-4cd3bebfad61,nuscale_voygr6,XX,H,0.0,0.0,0.0,15,14,2026-04-25 14:18:51.785984+00:00,Iztek Ceyhan Komur power station,TR
p16_20260425T141705_5037b797,c4d7f628-c108-4496-ac02-6076ea3ae448,nuscale_voygr6,XX,H,0.0,0.0,0.0,15,14,2026-04-25 14:18:51.786000+00:00,Jaworzno power station,PL
p16_20260425T141705_5037b797,55cfe45b-6357-40f9-8623-e9916f91f839,nuscale_voygr6,XX,H,0.0,0.0,0.1333,15,14,2026-04-25 14:18:51.785963+00:00,Kahramanmaraş Anadolu power station,TR
p16_20260425T141705_5037b797,fb7d4d9a-3f27-4b50-9941-6a8fccd25e9a,nuscale_voygr6,XX,H,0.0,0.0,0.0,15,14,2026-04-25 14:18:51.786009+00:00,Kalush power station,UA
p16_20260425T141705_5037b797,344e0e9a-558e-4749-bb66-cd746be50cbd,nuscale_voygr6,XX,H,0.0,0.0,0.0,15,14,2026-04-25 14:18:51.785979+00:00,Kamengrad Thermal Power Plant,BA
p16_20260425T141705_5037b797,ca423571-d2ab-44d4-b5ce-3e649d9cc776,nuscale_voygr6,XX,H,0.0,0.0,0.0,15,14,2026-04-25 14:18:51.786001+00:00,Kandilli power station,TR
p16_20260425T141705_5037b797,bfadbe66-971d-4f64-b222-604a7ee6ac6b,nuscale_voygr6,XX,H,0.0,0.0,0.1333,15,14,2026-04-25 14:18:51.785966+00:00,Kangal Etyemez power station,TR
p16_20260425T141705_5037b797,0248611c-b745-404f-ad50-c2870882c7a1,nuscale_voygr6,XX,H,0.0,0.0,0.2,15,14,2026-04-25 14:18:51.785961+00:00,Kangal power station,TR
p16_20260425T141705_5037b797,0fec985c-c66e-40af-a123-a9ba4db269bb,nuscale_voygr6,XX,H,0.0,0.0,0.0,15,14,2026-04-25 14:18:51.785973+00:00,Karaburun power station,TR
p16_20260425T141705_5037b797,a6478cb9-5b8c-4d64-bbe6-3d3ed6a3da2c,nuscale_voygr6,XX,H,0.0,0.0,0.1333,15,14,2026-04-25 14:18:51.785965+00:00,Karapinar Konya Şeker power station,TR
p16_20260425T141705_5037b797,8dd46a05-6e0c-4009-90ad-bd5909c25622,nuscale_voygr6,XX,H,0.0,0.0,0.0,15,14,2026-04-25 14:18:51.785993+00:00,Kardemir Karabük Demir Çelik power station,TR
p16_20260425T141705_5037b797,43e5b2b4-2ccf-46ab-b01e-e3d480146455,nuscale_voygr6,XX,H,0.0,0.0,0.0,15,14,2026-04-25 14:18:51.785982+00:00,Karvina power station,CZ
p16_20260425T141705_5037b797,239ea0eb-a9c4-43cc-ac5f-35271bdc6613,nuscale_voygr6,XX,H,0.0,0.0,0.0,15,14,2026-04-25 14:18:51.785976+00:00,Kedzierzyn CCS Project,PL
p16_20260425T141705_5037b797,d020ac37-4f23-41b1-8f1e-b425b5769424,nuscale_voygr6,XX,H,0.0,0.0,0.0,15,14,2026-04-25 14:18:51.786003+00:00,Kirazlıdere power complex,TR
p16_20260425T141705_5037b797,76cd9b7f-7613-4fd4-95ab-bf534a2e2f5e,nuscale_voygr6,XX,H,0.0,0.0,0.0,15,14,2026-04-25 14:18:51.785989+00:00,Kireçlik power station,TR
p16_20260425T141705_5037b797,5b6be56c-d981-470c-a979-13a8764a34b8,nuscale_voygr6,XX,H,0.0,0.0,0.0,15,15,2026-04-25 14:18:51.785985+00:00,Kıvanç power station,TR
p16_20260425T141705_5037b797,f1d2bca1-a7a9-4404-84c1-34fc8a59dab7,nuscale_voygr6,XX,H,0.0,0.0,0.0,15,14,2026-04-25 14:18:51.786007+00:00,Kladno power station,CZ
p16_20260425T141705_5037b797,0182ec25-0df9-4e4b-9861-d76a332bc282,nuscale_voygr6,XX,H,0.0,0.0,0.0,15,14,2026-04-25 14:18:51.785971+00:00,Kolubara A power station,RS
p16_20260425T141705_5037b797,d30af109-79cb-4ab5-a878-6f574b58116a,nuscale_voygr6,XX,H,0.0,0.0,0.0,15,14,2026-04-25 14:18:51.786003+00:00,Kolubara B power station,RS
p16_20260425T141705_5037b797,274ec928-e527-44cf-86c5-b6eddc09d0f7,nuscale_voygr6,XX,H,0.0,0.0,0.0,15,14,2026-04-25 14:18:51.785977+00:00,Komorany power station,CZ
p16_20260425T141705_5037b797,4411a22e-4e8a-4715-b000-1aae34494b68,nuscale_voygr6,XX,H,0.0,0.0,0.0667,15,14,2026-04-25 14:18:51.785969+00:00,Kozienice power station,PL
p16_20260425T141705_5037b797,83fede8b-5f92-429d-920d-9a8928a74780,nuscale_voygr6,XX,H,0.0,0.0,0.0,15,14,2026-04-25 14:18:51.785992+00:00,Kryvorizka power station,UA
p16_20260425T141705_5037b797,1a5b8f8f-f4be-4514-8738-755d25e19b41,nuscale_voygr6,XX,H,0.0,0.0,0.1333,15,14,2026-04-25 14:18:51.785962+00:00,Kurzeme power station,LV
p16_20260425T141705_5037b797,2a3aad60-2bff-4206-8275-f6e2029f9278,nuscale_voygr6,XX,H,0.0,0.0,0.0,15,14,2026-04-25 14:18:51.785978+00:00,Kütahya Domaniç power station,TR
p16_20260425T141705_5037b797,cec871bd-c7f6-4444-b0da-9b3a9ecc6963,nuscale_voygr6,XX,H,0.0,0.0,0.0,15,14,2026-04-25 14:18:51.786002+00:00,Ladyzhyn power station,UA
p16_20260425T141705_5037b797,de6735bd-7a79-43c8-baad-1fe23d50d6f0,nuscale_voygr6,XX,H,0.0,0.0,0.1333,15,14,2026-04-25 14:18:51.785967+00:00,Laziska power station,PL
p16_20260425T141705_5037b797,0b187a1d-55de-47cf-96a3-06abc8ff2476,nuscale_voygr6,XX,H,0.0,0.0,0.0,15,14,2026-04-25 14:18:51.785972+00:00,Leczna Power Station (Bogdanka SA),PL
p16_20260425T141705_5037b797,ebc0f461-acfa-47da-8094-5b15ea3e25a0,nuscale_voygr6,XX,H,0.0,0.0,0.2,15,14,2026-04-25 14:18:51.785961+00:00,Leczna Power Station (Enea),PL
p16_20260425T141705_5037b797,187b4fd7-6a61-4e94-8ed4-495ac6dfc317,nuscale_voygr6,XX,H,0.0,0.0,0.0,15,14,2026-04-25 14:18:51.785974+00:00,Legnica Power Station,PL
p16_20260425T141705_5037b797,68aabff9-e662-4b9f-b37d-4c2ebc5f7539,nuscale_voygr6,XX,H,0.0,0.0,0.0,15,14,2026-04-25 14:18:51.785987+00:00,Lelchitsy power station,BY
p16_20260425T141705_5037b797,30c9e377-b575-46fa-880f-922c46e6500a,nuscale_voygr6,XX,H,0.0,0.0,0.0,15,14,2026-04-25 14:18:51.785979+00:00,Lom Power Station,BG
p16_20260425T141705_5037b797,d60b377c-9bb4-4fd5-adb7-a9a9ba98ae76,nuscale_voygr6,XX,H,0.0,0.0,0.0,15,14,2026-04-25 14:18:51.786004+00:00,Lublin Power Station,PL
p16_20260425T141705_5037b797,bac4a081-83dc-4aba-8076-b67bfc55f54c,nuscale_voygr6,XX,H,0.0,0.0,0.0,15,14,2026-04-25 14:18:51.786000+00:00,Lüminer Enerji power station,TR
p16_20260425T141705_5037b797,cbd67443-4a4e-44fd-a9ed-20ba9574c99e,nuscale_voygr6,XX,H,0.0,0.0,0.0,15,14,2026-04-25 14:18:51.786002+00:00,Marianske Hory power station,CZ
p16_20260425T141705_5037b797,7bff5ef2-646d-4b83-83b0-7f3da32f0254,nuscale_voygr6,XX,H,0.0,0.0,0.0,15,14,2026-04-25 14:18:51.785990+00:00,Mariovo power station,MK
p16_20260425T141705_5037b797,3bb6666f-de2f-4c6f-a28e-c3bddb71b54a,nuscale_voygr6,XX,H,0.0,0.0,0.0,15,14,2026-04-25 14:18:51.785980+00:00,Maritsa 3 power station,BG
p16_20260425T141705_5037b797,ec5f337a-ca52-4b86-a0f4-4933eac349e3,nuscale_voygr6,XX,H,0.0,0.0,0.1333,15,14,2026-04-25 14:18:51.785968+00:00,Maritsa Iztok-2 power station,BG
p16_20260425T141705_5037b797,06defca3-9105-437f-afd4-52f5603d9b8e,nuscale_voygr6,XX,H,0.0,0.0,0.0,15,14,2026-04-25 14:18:51.785972+00:00,Martinska power station,SK
p16_20260425T141705_5037b797,28b36531-865d-42ae-afb3-b8bad86f7014,nuscale_voygr6,XX,H,0.0,0.0,0.0,15,14,2026-04-25 14:18:51.785977+00:00,Matra power station,HU
p16_20260425T141705_5037b797,903d6b94-cd9d-4c32-b7e2-4bbfbee929df,nuscale_voygr6,XX,H,0.0,0.0,0.0,15,14,2026-04-25 14:18:51.785994+00:00,Matraterenye power station,HU
p16_20260425T141705_5037b797,34d88ce8-d49c-4b19-af2d-6efcb1b72149,nuscale_voygr6,XX,H,0.0,0.0,0.0,15,14,2026-04-25 14:18:51.785979+00:00,Mecsek Hills power station,HU
p16_20260425T141705_5037b797,c8e1cc12-080a-4e01-925d-8fd6e4334856,nuscale_voygr6,XX,H,0.0,0.0,0.0,15,15,2026-04-25 14:18:51.786000+00:00,Meda power station,TR
p16_20260425T141705_5037b797,90820fe3-9889-4faf-9906-7c528f8d7bc5,nuscale_voygr6,XX,H,0.0,0.0,0.1333,15,14,2026-04-25 14:18:51.785965+00:00,Mellach power station,AT
p16_20260425T141705_5037b797,1820429d-bd95-4e56-a6db-d9bb57e2ae07,nuscale_voygr6,XX,H,0.0,0.0,0.0,15,14,2026-04-25 14:18:51.785974+00:00,Mersin Gülnar power station,TR
p16_20260425T141705_5037b797,42d5b3fd-7d07-409b-9154-4441695b7901,nuscale_voygr6,XX,H,0.0,0.0,0.0,15,14,2026-04-25 14:18:51.785981+00:00,Mert power station,TR
p16_20260425T141705_5037b797,166f5fcc-1cc4-4cf5-9e52-59e7ce1557c6,nuscale_voygr6,XX,H,0.0,0.0,0.1333,15,14,2026-04-25 14:18:51.785962+00:00,METES power station,TR
p16_20260425T141705_5037b797,aa0bdb5e-45aa-4d15-8aee-cb5b0e14f5d9,nuscale_voygr6,XX,H,0.0,0.0,0.0,15,14,2026-04-25 14:18:51.785997+00:00,Miljevina power station,BA
p16_20260425T141705_5037b797,52a7babe-313f-493b-86b9-bd0c4aece4c3,nuscale_voygr6,XX,H,0.0,0.0,0.0,15,14,2026-04-25 14:18:51.785984+00:00,Mintia-Deva power station,RO
p16_20260425T141705_5037b797,b588126a-42d6-49dc-b227-9283af5a2578,nuscale_voygr6,XX,H,0.0,0.0,0.0,15,14,2026-04-25 14:18:51.785998+00:00,Misis Adana power station,TR
p16_20260425T141705_5037b797,e299922a-1670-4aff-acda-fd80600af9af,nuscale_voygr6,XX,H,0.0,0.0,0.0,15,14,2026-04-25 14:18:51.786005+00:00,Mondi Steti power station,CZ
p16_20260425T141705_5037b797,2b03f2e2-64ac-4262-bbff-7a536bda5722,nuscale_voygr6,XX,H,0.0,0.0,0.1333,15,14,2026-04-25 14:18:51.785962+00:00,Morava power station,RS
p16_20260425T141705_5037b797,4eb7914c-e000-403c-b5a5-c350de67bb83,nuscale_voygr6,XX,H,0.0,0.0,0.0,15,14,2026-04-25 14:18:51.785983+00:00,Mostecka Power Station,CZ
p16_20260425T141705_5037b797,0049a899-af5f-41cd-86ae-2ba729b6365f,nuscale_voygr6,XX,H,0.0,0.0,0.0,15,14,2026-04-25 14:18:51.785970+00:00,Muğla power station,TR
p16_20260425T141705_5037b797,5a57ae0a-6f91-46f4-a1f5-56a6b37596e9,nuscale_voygr6,XX,H,0.0,0.0,0.0,15,14,2026-04-25 14:18:51.785985+00:00,Murcki-Staszic power station,PL
p16_20260425T141705_5037b797,3bd2a957-ff3b-4bfd-9dba-808279edccb9,nuscale_voygr6,XX,H,0.0,0.0,0.0,15,14,2026-04-25 14:18:51.785981+00:00,Myronivskyi power station,UA
p16_20260425T141705_5037b797,5ed91c1b-0a1b-4a4c-9b2b-f6bdc8ff9770,nuscale_voygr6,XX,H,0.0,0.0,0.0,15,15,2026-04-25 14:18:51.785985+00:00,Namal power station,TR
p16_20260425T141705_5037b797,21ccc44f-3244-4e7f-9654-eae424288200,nuscale_voygr6,XX,H,0.0,0.0,0.0,15,14,2026-04-25 14:18:51.785976+00:00,Naren Karabiga power station,TR
p16_20260425T141705_5037b797,83d3abe4-2049-47ad-a66b-46034edb7569,nuscale_voygr6,XX,H,0.0,0.0,0.0,15,14,2026-04-25 14:18:51.785991+00:00,Negotino power station,MK
p16_20260425T141705_5037b797,c8f15aca-174b-4be6-a6d9-abfa4685d10d,nuscale_voygr6,XX,H,0.0,0.0,0.0,15,14,2026-04-25 14:18:51.786001+00:00,Nikola Tesla power station,RS
p16_20260425T141705_5037b797,05daa6b2-bb29-4c26-a459-855626673955,nuscale_voygr6,XX,H,0.0,0.0,0.0,15,14,2026-04-25 14:18:51.785971+00:00,Opatovice power station,CZ
p16_20260425T141705_5037b797,651839d3-4e8f-4214-89aa-1f96ea221121,nuscale_voygr6,XX,H,0.0,0.0,0.0,15,14,2026-04-25 14:18:51.785986+00:00,Oroszlány power station,HU
p16_20260425T141705_5037b797,f2e65fcf-afc4-4443-ac14-f15c8ffe48f3,nuscale_voygr6,XX,H,0.0,0.0,0.0,15,14,2026-04-25 14:18:51.786008+00:00,Orta Anadolu power station,TR
p16_20260425T141705_5037b797,756218bb-3f16-443e-b6c6-400cd0ce2f87,nuscale_voygr6,XX,H,0.0,0.0,0.0,15,14,2026-04-25 14:18:51.785988+00:00,Oslomej power station,MK
p16_20260425T141705_5037b797,b8bc6544-1571-4906-95e0-314d62c78a24,nuscale_voygr6,XX,H,0.0,0.0,0.1333,15,14,2026-04-25 14:18:51.785966+00:00,Ostrołęka power station,PL
p16_20260425T141705_5037b797,9825e28e-fd6e-460d-9caf-0342563f9060,nuscale_voygr6,XX,H,0.0,0.0,0.0,15,14,2026-04-25 14:18:51.785995+00:00,Paroseni power station,RO
p16_20260425T141705_5037b797,8a9d5c87-7edc-49c3-85a2-d97727b9c9b2,nuscale_voygr6,XX,H,0.0,0.0,0.0,15,14,2026-04-25 14:18:51.785993+00:00,Piast Ruch Power Station,PL
p16_20260425T141705_5037b797,9c4291f1-173b-467e-ae26-8cb01312c605,nuscale_voygr6,XX,H,0.0,0.0,0.0,15,14,2026-04-25 14:18:51.785995+00:00,Plana Nad Luznici power station,CZ
p16_20260425T141705_5037b797,ab151830-e5bd-46de-8400-01aa4c165366,nuscale_voygr6,XX,H,0.0,0.0,0.0,15,14,2026-04-25 14:18:51.785997+00:00,Plomin power station,HR
p16_20260425T141705_5037b797,231565d3-4f56-43ee-a357-1f4451c6fbc3,nuscale_voygr6,XX,H,0.0,0.0,0.0,15,14,2026-04-25 14:18:51.785976+00:00,Polat power station,TR
p16_20260425T141705_5037b797,20bce4f5-ca0b-4145-87e5-0a0694343f31,nuscale_voygr6,XX,H,0.0,0.0,0.0,15,14,2026-04-25 14:18:51.785975+00:00,Porici power station,CZ
p16_20260425T141705_5037b797,60baaa73-dd8c-4865-bb18-6c73d63a4052,nuscale_voygr6,XX,H,0.0,0.0,0.0,15,14,2026-04-25 14:18:51.785986+00:00,Prerov power station,CZ
p16_20260425T141705_5037b797,0ae8917b-a70b-41e5-82de-e4963a7686e3,nuscale_voygr6,XX,H,0.0,0.0,0.0,15,14,2026-04-25 14:18:51.785972+00:00,Pribram power station,CZ
p16_20260425T141705_5037b797,b0ba194f-3c80-4725-b1e7-fa5277b38833,nuscale_voygr6,XX,H,0.0,0.0,0.0,15,14,2026-04-25 14:18:51.785998+00:00,Prunerov power station,CZ
p16_20260425T141705_5037b797,02253fcc-4fc6-42d4-a6a8-42365487302f,nuscale_voygr6,XX,H,0.0,0.0,0.0667,15,14,2026-04-25 14:18:51.785968+00:00,Prydniprovska power station,UA
p16_20260425T141705_5037b797,cdc888ad-fd51-4710-a5ab-3cd0fe9ddb48,nuscale_voygr6,XX,H,0.0,0.0,0.1333,15,14,2026-04-25 14:18:51.785967+00:00,Pulawy power station (Grupa Azoty),PL
p16_20260425T141705_5037b797,a19228ce-f25a-4ffd-a249-9d01403e6b81,nuscale_voygr6,XX,H,0.0,0.0,0.1333,15,14,2026-04-25 14:18:51.785965+00:00,Pulawy power station (Vattenfall),PL
p16_20260425T141705_5037b797,660d9d71-6733-4294-951b-1c58614d58cf,nuscale_voygr6,XX,H,0.0,0.0667,0.1333,15,14,2026-04-25 14:18:51.785960+00:00,Riedersbach power station,AT
p16_20260425T141705_5037b797,958e4d82-853a-41f1-a442-94b4c4314221,nuscale_voygr6,XX,H,0.0,0.0,0.1333,15,14,2026-04-25 14:18:51.785965+00:00,Rovinari power station,RO
p16_20260425T141705_5037b797,704ef487-f600-4f23-b06e-a0f81b627597,nuscale_voygr6,XX,H,0.0,0.0,0.0,15,14,2026-04-25 14:18:51.785988+00:00,Ruse Iztok power station,BG
p16_20260425T141705_5037b797,b8a00967-90a3-4a4e-9979-6b8651d87380,nuscale_voygr6,XX,H,0.0,0.0,0.0,15,14,2026-04-25 14:18:51.785999+00:00,Rybnik power station,PL
p16_20260425T141705_5037b797,2ed9363f-a9fe-46e5-8b92-c50b47a9077a,nuscale_voygr6,XX,H,0.0,0.0,0.0,15,14,2026-04-25 14:18:51.785978+00:00,Saltukova power station,TR
p16_20260425T141705_5037b797,db87ce6a-3802-44c5-945f-8a95d3cf111b,nuscale_voygr6,XX,H,0.0,0.0,0.0,15,14,2026-04-25 14:18:51.786005+00:00,Saray Tekirdağ power station,TR
p16_20260425T141705_5037b797,d1863136-5ff4-4b4d-a9c0-6219e92d637d,nuscale_voygr6,XX,H,0.0,0.0667,0.1333,15,14,2026-04-25 14:18:51.785961+00:00,Sarp Golvasi power station,TR
p16_20260425T141705_5037b797,b5ff798e-e059-4d8b-a903-00a1fefc62ab,nuscale_voygr6,XX,H,0.0,0.0,0.0,15,14,2026-04-25 14:18:51.785999+00:00,Sedef II TES power station,TR
p16_20260425T141705_5037b797,3a06636d-c742-4b72-b9cd-21a4537c331b,nuscale_voygr6,XX,H,0.0,0.0,0.0,15,15,2026-04-25 14:18:51.785980+00:00,Selena power station,TR
p16_20260425T141705_5037b797,0ca4ff78-4113-4ad9-ac04-0fd541d42338,nuscale_voygr6,XX,H,0.0,0.0,0.0,15,14,2026-04-25 14:18:51.785972+00:00,Şevketiye Lapseki power station,TR
p16_20260425T141705_5037b797,94a5c55f-c499-41b1-81da-deaa36686399,nuscale_voygr6,XX,H,0.0,0.0,0.0,15,14,2026-04-25 14:18:51.785994+00:00,Seyitömer power station,TR
p16_20260425T141705_5037b797,a7eeee6e-e14a-40ba-80b6-75ed2e170b20,nuscale_voygr6,XX,H,0.0,0.0,0.1333,15,14,2026-04-25 14:18:51.785966+00:00,Siechnice power station,PL
p16_20260425T141705_5037b797,47be3ec4-7abe-4f4c-ac3d-b7f753b8514a,nuscale_voygr6,XX,H,0.0,0.0,0.0,15,14,2026-04-25 14:18:51.785982+00:00,Siersza power station,PL
p16_20260425T141705_5037b797,e03c394f-1c08-4101-b1fe-f6662fe4b424,nuscale_voygr6,XX,H,0.0,0.0,0.1333,15,14,2026-04-25 14:18:51.785967+00:00,Sinop Akfen power station,TR
p16_20260425T141705_5037b797,cf9150af-0325-44d8-bbaf-493e742f2e2b,nuscale_voygr6,XX,H,0.0,0.0,0.0,15,14,2026-04-25 14:18:51.786003+00:00,Şırnak Galata power station,TR
p16_20260425T141705_5037b797,98019711-a8c3-424a-870e-00d4fea75ed1,nuscale_voygr6,XX,H,0.0,0.0,0.0,15,14,2026-04-25 14:18:51.785995+00:00,Şırnak Silopi (CİNER) power station,TR
p16_20260425T141705_5037b797,d498ded8-449c-4672-8bb9-0ed6c8fef775,nuscale_voygr6,XX,H,0.0,0.0,0.0,15,14,2026-04-25 14:18:51.786004+00:00,Slatina power station,RO
p16_20260425T141705_5037b797,70781f2c-24c2-486c-8b32-310c36ba1238,nuscale_voygr6,XX,H,0.0,0.0,0.0667,15,14,2026-04-25 14:18:51.785969+00:00,Slavyansk power station,UA
p16_20260425T141705_5037b797,9a6447f2-2887-4cce-a115-dc773d7f6eb1,nuscale_voygr6,XX,H,0.0,0.0,0.0,15,14,2026-04-25 14:18:51.785995+00:00,Soma Kolin power station,TR
p16_20260425T141705_5037b797,66bdc30c-4179-480b-a55a-5d15be5ac66b,nuscale_voygr6,XX,H,0.0,0.0,0.1333,15,14,2026-04-25 14:18:51.785963+00:00,Stalowa Wola power station,PL
p16_20260425T141705_5037b797,e75c63e5-ef2f-4e08-8f8c-3da41215af9d,nuscale_voygr6,XX,H,0.0,0.0,0.0,15,14,2026-04-25 14:18:51.786006+00:00,Stanari Thermal Power Plant,BA
p16_20260425T141705_5037b797,296282b1-d079-4c1e-b2df-12c25128b963,nuscale_voygr6,XX,H,0.0,0.0,0.0,15,14,2026-04-25 14:18:51.785977+00:00,Štavalj Power Station,RS
p16_20260425T141705_5037b797,693d9b73-f9fc-4502-9b94-be020c5d21fb,nuscale_voygr6,XX,H,0.0,0.0,0.1333,15,14,2026-04-25 14:18:51.785963+00:00,Suceava power station,RO
p16_20260425T141705_5037b797,96129c93-83a6-4b1c-929b-bfccba86a796,nuscale_voygr6,XX,H,0.0,0.0,0.0,15,14,2026-04-25 14:18:51.785994+00:00,Suluova power station,TR
p16_20260425T141705_5037b797,2fb27566-cc7b-4530-8ff9-e55e3a1985bd,nuscale_voygr6,XX,H,0.0,0.0,0.0,15,14,2026-04-25 14:18:51.785978+00:00,Svilosa power station,BG
p16_20260425T141705_5037b797,7fc17ab0-ce24-4830-a938-b8424d1e9368,nuscale_voygr6,XX,H,0.0,0.0,0.1333,15,14,2026-04-25 14:18:51.785964+00:00,Swiecie Pulp Mill power station,PL
p16_20260425T141705_5037b797,f8f9f43d-6a3b-445d-818e-ca82a90ace65,nuscale_voygr6,XX,H,0.0,0.0,0.0,15,14,2026-04-25 14:18:51.786008+00:00,Szczecin power station,PL
p16_20260425T141705_5037b797,e43af28e-a3d3-4047-a9cf-f3b0990754b4,nuscale_voygr6,XX,H,0.0,0.0,0.0,15,14,2026-04-25 14:18:51.786006+00:00,Târgu Jiu Thermal Plant,RO
p16_20260425T141705_5037b797,43f99d45-6635-4392-a522-4a06445fdaf2,nuscale_voygr6,XX,H,0.0,0.0,0.0,15,14,2026-04-25 14:18:51.785982+00:00,Teyo Tufanbeyli power station,TR
p16_20260425T141705_5037b797,14e88076-ce0e-4693-bca4-e80f3f013c7f,nuscale_voygr6,XX,H,0.0,0.0,0.0,15,14,2026-04-25 14:18:51.785973+00:00,Tisova power station,CZ
p16_20260425T141705_5037b797,5de5f907-98e7-42d3-a7dd-cb65f839697b,nuscale_voygr6,XX,H,0.0,0.0,0.0667,15,14,2026-04-25 14:18:51.785969+00:00,Tiszapalkonya power station,HU
p16_20260425T141705_5037b797,059b3ad4-7196-4e6b-b169-8605ceeed841,nuscale_voygr6,XX,H,0.0,0.0,0.0,15,14,2026-04-25 14:18:51.785971+00:00,Torony power station,HU
p16_20260425T141705_5037b797,44362378-9c74-44af-8a08-be4877f50e97,nuscale_voygr6,XX,H,0.0,0.0,0.0,15,14,2026-04-25 14:18:51.785982+00:00,Tosyalı İskenderun power station,TR
p16_20260425T141705_5037b797,9eb693f6-6994-4937-bc4d-e8213baa5d47,nuscale_voygr6,XX,H,0.0,0.0,0.0,15,14,2026-04-25 14:18:51.785996+00:00,Trakya Emba power station,TR
p16_20260425T141705_5037b797,1719d38b-61e8-4b01-844b-3a2f85c8a186,nuscale_voygr6,XX,H,0.0,0.0,0.0,15,14,2026-04-25 14:18:51.785973+00:00,Trebisov power station,SK
p16_20260425T141705_5037b797,63601ccc-3f20-4cbd-95cb-0fbeaf821c6a,nuscale_voygr6,XX,H,0.0,0.0,0.0,15,14,2026-04-25 14:18:51.785986+00:00,Trinec-E3 power station,CZ
p16_20260425T141705_5037b797,cdb6adfb-52ff-4631-939a-001080b20450,nuscale_voygr6,XX,H,0.0,0.0,0.0667,15,14,2026-04-25 14:18:51.785970+00:00,Trypilska power station,UA
p16_20260425T141705_5037b797,6c9571c4-5d3b-4f88-a7be-fa8c21425eeb,nuscale_voygr6,XX,H,0.0,0.0,0.0,15,14,2026-04-25 14:18:51.785987+00:00,Tufanbeyli power station,TR
p16_20260425T141705_5037b797,2ec95392-978d-4a43-85b9-af3282c212ba,nuscale_voygr6,XX,H,0.0,0.0,0.1333,15,14,2026-04-25 14:18:51.785963+00:00,Tunçbilek power station,TR
p16_20260425T141705_5037b797,287cbb48-bb08-40dd-82c5-cfe1530dfbb9,nuscale_voygr6,XX,H,0.0,0.0,0.0667,15,14,2026-04-25 14:18:51.785968+00:00,Tusimice power station,CZ
p16_20260425T141705_5037b797,a2d8261c-3d08-4015-946c-47dbddbd0b98,nuscale_voygr6,XX,H,0.0,0.0,0.0,15,14,2026-04-25 14:18:51.785996+00:00,U.S. Steel Kosice Works power station,SK
p16_20260425T141705_5037b797,a23d073a-cbbd-469a-b134-380945fd3f4c,nuscale_voygr6,XX,H,0.0,0.0,0.0,15,14,2026-04-25 14:18:51.785996+00:00,Ugljevik power station,BA
p16_20260425T141705_5037b797,ddc8bb9c-bf77-4075-b38c-600fb072acf8,nuscale_voygr6,XX,H,0.0,0.0,0.0,15,14,2026-04-25 14:18:51.786005+00:00,Uluköy power station,TR
p16_20260425T141705_5037b797,d3f986d9-a023-4d43-a0fb-03361f310873,nuscale_voygr6,XX,H,0.0,0.0,0.0667,15,14,2026-04-25 14:18:51.785970+00:00,Umut power station,TR
p16_20260425T141705_5037b797,381221dd-76da-4adf-9b19-5da9f0779c22,nuscale_voygr6,XX,H,0.0,0.0,0.0,15,14,2026-04-25 14:18:51.785979+00:00,Vize power station,TR
p16_20260425T141705_5037b797,99d712ac-7993-4186-8a0e-2e88bae7e90f,nuscale_voygr6,XX,H,0.0,0.0,0.1333,15,14,2026-04-25 14:18:51.785965+00:00,Voitsberg power station,AT
p16_20260425T141705_5037b797,5f4ed23c-cea2-41ef-a3e8-ac863e1bdcd6,nuscale_voygr6,XX,H,0.0,0.0,0.0,15,14,2026-04-25 14:18:51.785986+00:00,Vresova TPS power station,CZ
p16_20260425T141705_5037b797,52028d4f-7796-4463-832e-cff2e439c96a,nuscale_voygr6,XX,H,0.0,0.0,0.0,15,14,2026-04-25 14:18:51.785983+00:00,Yenidere power station,TR
p16_20260425T141705_5037b797,737b6d06-1d0c-4ae6-9683-ab3fea192b32,nuscale_voygr6,XX,H,0.0,0.0,0.0,15,14,2026-04-25 14:18:51.785988+00:00,Yeniköy power station,TR
p16_20260425T141705_5037b797,e8b6e342-2011-4343-b415-a8bf08501499,nuscale_voygr6,XX,H,0.0,0.0,0.0,15,14,2026-04-25 14:18:51.786007+00:00,Yeniyurt power station,TR
p16_20260425T141705_5037b797,225656d9-8709-4c2f-9992-1e4f20a6fce8,nuscale_voygr6,XX,H,0.0,0.0,0.1333,15,14,2026-04-25 14:18:51.785962+00:00,Yıldırım Elazığ power station,TR
p16_20260425T141705_5037b797,57c0c830-725f-46ee-9322-0a4a3ad9efda,nuscale_voygr6,XX,H,0.0,0.0667,0.1333,15,14,2026-04-25 14:18:51.785960+00:00,Yüksek Gölovası power station,TR
p16_20260425T141705_5037b797,91f28dbb-16bd-449b-a20a-dc2b70cf2e66,nuscale_voygr6,XX,H,0.0,0.0,0.0,15,14,2026-04-25 14:18:51.785994+00:00,Yumurtalık IC İçtaş power station,TR
p16_20260425T141705_5037b797,48149515-0774-404d-b273-790b660a8d90,nuscale_voygr6,XX,H,0.0,0.0,0.0,15,14,2026-04-25 14:18:51.785982+00:00,Yunus Emre power station,TR
p16_20260425T141705_5037b797,772e2484-419b-47de-9739-924ac371ad10,nuscale_voygr6,XX,H,0.0,0.0,0.0,15,14,2026-04-25 14:18:51.785989+00:00,Zafer power station,TR
p16_20260425T141705_5037b797,725406d6-860f-4ca0-9c6a-425675bac381,nuscale_voygr6,XX,H,0.0,0.0,0.1333,15,14,2026-04-25 14:18:51.785964+00:00,Zaporizhia power station,UA
p16_20260425T141705_5037b797,1f305180-6bbf-4758-9a98-78bc9e96e195,nuscale_voygr6,XX,H,0.0,0.0,0.0,15,14,2026-04-25 14:18:51.785975+00:00,ZETES power stations,TR
p16_20260425T141705_5037b797,aa38441d-aec7-4ae9-b4c3-68c5bf567db3,nuscale_voygr6,XX,H,0.0,0.0,0.0,15,14,2026-04-25 14:18:51.785997+00:00,Zlin power station,CZ
p16_20260425T141705_5037b797,b24c9876-5a4d-4b83-b442-af2f4b0d1047,nuscale_voygr6,XX,H,0.0,0.0,0.0,15,14,2026-04-25 14:18:51.785998+00:00,Zofiowka Mine power station,PL
p16_20260425T141705_5037b797,fa6b7ac3-c1bf-478f-8d0a-1f357ea480cf,nuscale_voygr6,XX,H,0.0,0.0,0.0,15,14,2026-04-25 14:18:51.786009+00:00,Zonguldak Modern power station,TR
p16_20260425T141705_5037b797,7cc9cffa-e4e4-4546-902d-c8f4800dbdb2,nuscale_voygr6,XX,H,0.0,0.0,0.0,15,14,2026-04-25 14:18:51.785991+00:00,Zorlu Akçakoca power station,TR
