country_code,smr_key,rank,site_id,site_name,composite_score,composite_score_low,composite_score_high,qualification_mode,family_scores_json
AT,nuscale_voygr6,1,660d9d71-6733-4294-951b-1c58614d58cf,Riedersbach power station,7.159,6.361,7.65,normal,"{""categories"": {""EP"": 6.68, ""HI"": 7.21, ""NH"": 8.16, ""NS"": 5.96, ""RI"": 7.29}, ""notes"": [""unscored_penalty_applied""], ""unscored_fraction"": 0.1919}"
AT,nuscale_voygr6,2,2dcd2c6d-f375-4408-9492-7910662fac03,Timelkam power station,7.016,6.245,7.487,normal,"{""categories"": {""EP"": 4.32, ""HI"": 7.41, ""NH"": 7.8, ""NS"": 6.7, ""RI"": 7.29}, ""notes"": [""unscored_penalty_applied""], ""unscored_fraction"": 0.1919}"
AT,nuscale_voygr6,3,532bfb42-0d4c-42cf-a81a-287f2b3a75bf,Enns Power Station,6.616,5.922,7.156,normal,"{""categories"": {""EP"": 5.97, ""HI"": 5.81, ""NH"": 8.02, ""NS"": 7.84, ""RI"": 4.21}, ""notes"": [""unscored_penalty_applied""], ""unscored_fraction"": 0.1919}"
AT,nuscale_voygr6,4,99d712ac-7993-4186-8a0e-2e88bae7e90f,Voitsberg power station,6.559,5.876,7.05,normal,"{""categories"": {""EP"": 5.97, ""HI"": 7.21, ""NH"": 7.18, ""NS"": 5.96, ""RI"": 5.86}, ""notes"": [""unscored_penalty_applied""], ""unscored_fraction"": 0.1919}"
AT,nuscale_voygr6,5,6e7fc4d8-636d-411a-baef-e138a5a07acc,Duernrohr power station,6.544,5.864,7.081,normal,"{""categories"": {""EP"": 7.38, ""HI"": 5.77, ""NH"": 7.13, ""NS"": 8.59, ""RI"": 3.5}, ""notes"": [""unscored_penalty_applied""], ""unscored_fraction"": 0.1919}"
AT,nuscale_voygr6,6,90820fe3-9889-4faf-9906-7c528f8d7bc5,Mellach power station,6.347,5.705,6.837,normal,"{""categories"": {""EP"": 5.97, ""HI"": 5.67, ""NH"": 7.67, ""NS"": 6.47, ""RI"": 5.14}, ""notes"": [""unscored_penalty_applied""], ""unscored_fraction"": 0.1919}"
BA,nuscale_voygr6,1,85257083-08d1-4560-b198-a9df414da4a9,Gacko Thermal Power Plant,6.951,6.073,7.442,normal,"{""categories"": {""EP"": 4.32, ""HI"": 9.36, ""NH"": 5.93, ""NS"": 6.53, ""RI"": 8.21}, ""notes"": [""high_unscored_fraction""], ""unscored_fraction"": 0.2222}"
BA,nuscale_voygr6,2,e75c63e5-ef2f-4e08-8f8c-3da41215af9d,Stanari Thermal Power Plant,6.747,6.028,7.237,normal,"{""categories"": {""EP"": 5.26, ""HI"": 7.9, ""NH"": 6.47, ""NS"": 5.96, ""RI"": 7.64}, ""notes"": [""unscored_penalty_applied""], ""unscored_fraction"": 0.1919}"
BA,nuscale_voygr6,3,aa0bdb5e-45aa-4d15-8aee-cb5b0e14f5d9,Miljevina power station,6.622,5.927,7.131,normal,"{""categories"": {""EP"": 5.26, ""HI"": 8.13, ""NH"": 5.76, ""NS"": 5.61, ""RI"": 8.21}, ""notes"": [""unscored_penalty_applied""], ""unscored_fraction"": 0.1919}"
BA,nuscale_voygr6,4,344e0e9a-558e-4749-bb66-cd746be50cbd,Kamengrad Thermal Power Plant,6.572,5.886,7.131,normal,"{""categories"": {""EP"": 5.26, ""HI"": 6.93, ""NH"": 6.78, ""NS"": 6.19, ""RI"": 7.07}, ""notes"": [""unscored_penalty_applied""], ""unscored_fraction"": 0.1919}"
BA,nuscale_voygr6,5,a23d073a-cbbd-469a-b134-380945fd3f4c,Ugljevik power station,6.458,5.707,6.929,normal,"{""categories"": {""EP"": 5.26, ""HI"": 7.41, ""NH"": 6.6, ""NS"": 5.67, ""RI"": 6.8}, ""notes"": [""high_unscored_fraction""], ""unscored_fraction"": 0.2172}"
BA,nuscale_voygr6,6,82011c29-a3d3-4a81-a27b-019d2649a251,Banovici power station,5.934,5.325,6.425,normal,"{""categories"": {""EP"": 2.21, ""HI"": 7.5, ""NH"": 7.09, ""NS"": 5.33, ""RI"": 5.14}, ""notes"": [""unscored_penalty_applied""], ""unscored_fraction"": 0.1919}"
BG,nuscale_voygr6,1,ec5f337a-ca52-4b86-a0f4-4933eac349e3,Maritsa Iztok-2 power station,7.709,6.806,8.169,normal,"{""categories"": {""EP"": 5.97, ""HI"": 7.61, ""NH"": 7.31, ""NS"": 8.47, ""RI"": 8.57}, ""notes"": [""unscored_penalty_applied""], ""unscored_fraction"": 0.1919}"
BG,nuscale_voygr6,2,30c9e377-b575-46fa-880f-922c46e6500a,Lom Power Station,7.428,6.578,7.85,normal,"{""categories"": {""EP"": 5.97, ""HI"": 7.53, ""NH"": 7.84, ""NS"": 7.33, ""RI"": 7.64}, ""notes"": [""unscored_penalty_applied""], ""unscored_fraction"": 0.1919}"
BG,nuscale_voygr6,3,a064c7ae-e699-4a94-a18c-79bdfe42bce3,Vidin Works power station,7.091,6.306,7.631,normal,"{""categories"": {""EP"": 5.97, ""HI"": 7.41, ""NH"": 7.36, ""NS"": 6.53, ""RI"": 7.64}, ""notes"": [""unscored_penalty_applied""], ""unscored_fraction"": 0.1919}"
BG,nuscale_voygr6,4,3bb6666f-de2f-4c6f-a28e-c3bddb71b54a,Maritsa 3 power station,7.009,6.24,7.569,normal,"{""categories"": {""EP"": 5.97, ""HI"": 7.67, ""NH"": 7.53, ""NS"": 5.84, ""RI"": 7.43}, ""notes"": [""unscored_penalty_applied""], ""unscored_fraction"": 0.1919}"
BG,nuscale_voygr6,5,b01fe781-dbc7-40f8-a544-946288020042,Bobov Dol power station,6.984,6.22,7.525,normal,"{""categories"": {""EP"": 5.26, ""HI"": 6.07, ""NH"": 7.67, ""NS"": 7.04, ""RI"": 8.0}, ""notes"": [""unscored_penalty_applied""], ""unscored_fraction"": 0.1919}"
BG,nuscale_voygr6,6,2fb27566-cc7b-4530-8ff9-e55e3a1985bd,Svilosa power station,6.578,5.891,7.119,normal,"{""categories"": {""EP"": 5.97, ""HI"": 6.33, ""NH"": 7.44, ""NS"": 6.19, ""RI"": 6.36}, ""notes"": [""unscored_penalty_applied""], ""unscored_fraction"": 0.1919}"
BG,nuscale_voygr6,7,704ef487-f600-4f23-b06e-a0f81b627597,Ruse Iztok power station,5.878,5.326,6.419,normal,"{""categories"": {""EP"": 5.26, ""HI"": 5.93, ""NH"": 7.09, ""NS"": 6.93, ""RI"": 2.93}, ""notes"": [""unscored_penalty_applied""], ""unscored_fraction"": 0.1919}"
BG,nuscale_voygr6,8,33a015dd-51e0-497e-b0d3-4b1b3f070438,Republika power station,5.875,5.323,6.325,normal,"{""categories"": {""EP"": 5.26, ""HI"": 5.11, ""NH"": 7.67, ""NS"": 6.41, ""RI"": 3.64}, ""notes"": [""unscored_penalty_applied""], ""unscored_fraction"": 0.1919}"
??,nuscale_voygr6,1,fac3d0b5-36a5-48ae-8494-f2f08e4342f4,Zelwa power station,7.378,6.538,7.944,normal,"{""categories"": {""EP"": 6.68, ""HI"": 7.41, ""NH"": 7.31, ""NS"": 7.1, ""RI"": 8.21}, ""notes"": [""unscored_penalty_applied""], ""unscored_fraction"": 0.1919}"
??,nuscale_voygr6,2,68aabff9-e662-4b9f-b37d-4c2ebc5f7539,Lelchitsy power station,6.991,6.225,7.487,normal,"{""categories"": {""EP"": 5.97, ""HI"": 6.61, ""NH"": 7.76, ""NS"": 6.36, ""RI"": 7.64}, ""notes"": [""unscored_penalty_applied""], ""unscored_fraction"": 0.1919}"
CZ,nuscale_voygr6,1,287cbb48-bb08-40dd-82c5-cfe1530dfbb9,Tusimice power station,7.095,6.144,7.691,normal,"{""categories"": {""EP"": 6.68, ""HI"": 6.21, ""NH"": 7.27, ""NS"": 8.61, ""RI"": 6.71}, ""notes"": [""high_unscored_fraction""], ""unscored_fraction"": 0.2323}"
CZ,nuscale_voygr6,2,b0ba194f-3c80-4725-b1e7-fa5277b38833,Prunerov power station,7.016,6.083,7.559,normal,"{""categories"": {""EP"": 6.68, ""HI"": 6.21, ""NH"": 7.27, ""NS"": 8.17, ""RI"": 6.71}, ""notes"": [""high_unscored_fraction""], ""unscored_fraction"": 0.2323}"
CZ,nuscale_voygr6,3,d762ceeb-514f-43a6-9f91-a2d422ed6c60,Chvaletice power station,7.009,6.24,7.594,normal,"{""categories"": {""EP"": 6.68, ""HI"": 6.47, ""NH"": 6.69, ""NS"": 8.36, ""RI"": 6.71}, ""notes"": [""unscored_penalty_applied""], ""unscored_fraction"": 0.1919}"
CZ,nuscale_voygr6,4,32484f7b-18a4-4b21-8e6a-6d68ae099d02,Pocerady power station,6.931,6.018,7.526,normal,"{""categories"": {""EP"": 5.97, ""HI"": 6.47, ""NH"": 7.13, ""NS"": 8.76, ""RI"": 6.0}, ""notes"": [""high_unscored_fraction""], ""unscored_fraction"": 0.2323}"
CZ,nuscale_voygr6,5,2fe0a0b3-4108-427e-8e54-f77e1ea7227c,Ledvice power station,6.916,6.164,7.512,normal,"{""categories"": {""EP"": 5.97, ""HI"": 6.21, ""NH"": 7.44, ""NS"": 7.27, ""RI"": 7.07}, ""notes"": [""unscored_penalty_applied""], ""unscored_fraction"": 0.1919}"
CZ,nuscale_voygr6,6,f3523341-daaa-4573-a856-becb2e1bb9e3,Melnik power station,6.916,6.164,7.531,normal,"{""categories"": {""EP"": 6.68, ""HI"": 6.21, ""NH"": 7.44, ""NS"": 7.79, ""RI"": 6.0}, ""notes"": [""unscored_penalty_applied""], ""unscored_fraction"": 0.1919}"
CZ,nuscale_voygr6,7,9c4291f1-173b-467e-ae26-8cb01312c605,Plana Nad Luznici power station,6.773,5.896,7.309,normal,"{""categories"": {""EP"": 6.68, ""HI"": 6.47, ""NH"": 7.84, ""NS"": 5.13, ""RI"": 7.07}, ""notes"": [""high_unscored_fraction""], ""unscored_fraction"": 0.2323}"
CZ,nuscale_voygr6,8,e299922a-1670-4aff-acda-fd80600af9af,Mondi Steti power station,6.716,6.003,7.331,normal,"{""categories"": {""EP"": 6.68, ""HI"": 6.21, ""NH"": 7.22, ""NS"": 6.87, ""RI"": 6.36}, ""notes"": [""unscored_penalty_applied""], ""unscored_fraction"": 0.1919}"
CZ,nuscale_voygr6,9,180880c2-7284-4723-b02a-a62348b9b40b,Hodonin power station,6.672,5.967,7.181,normal,"{""categories"": {""EP"": 6.68, ""HI"": 6.47, ""NH"": 6.87, ""NS"": 6.3, ""RI"": 7.07}, ""notes"": [""unscored_penalty_applied""], ""unscored_fraction"": 0.1919}"
CZ,nuscale_voygr6,10,60baaa73-dd8c-4865-bb18-6c73d63a4052,Prerov power station,6.648,5.801,7.145,normal,"{""categories"": {""EP"": 6.68, ""HI"": 6.21, ""NH"": 7.44, ""NS"": 6.39, ""RI"": 6.14}, ""notes"": [""high_unscored_fraction""], ""unscored_fraction"": 0.2323}"
HR,nuscale_voygr6,1,ab151830-e5bd-46de-8400-01aa4c165366,Plomin power station,6.214,5.467,6.73,normal,"{""categories"": {""EP"": 6.68, ""HI"": 7.41, ""NH"": 5.18, ""NS"": 5.13, ""RI"": 7.14}, ""notes"": [""high_unscored_fraction""], ""unscored_fraction"": 0.2323}"
HU,nuscale_voygr6,1,997474f6-9bfd-4abd-a2ac-d8618db8f0b4,Mohacs power station,7.584,6.705,8.075,normal,"{""categories"": {""EP"": 6.68, ""HI"": 7.61, ""NH"": 7.76, ""NS"": 7.73, ""RI"": 7.64}, ""notes"": [""unscored_penalty_applied""], ""unscored_fraction"": 0.1919}"
HU,nuscale_voygr6,2,f7dcdb63-26e6-44cd-b440-ec14fe507d90,Borsod power station,6.941,6.184,7.381,normal,"{""categories"": {""EP"": 6.68, ""HI"": 5.81, ""NH"": 7.49, ""NS"": 7.5, ""RI"": 6.93}, ""notes"": [""unscored_penalty_applied""], ""unscored_fraction"": 0.1919}"
HU,nuscale_voygr6,3,059b3ad4-7196-4e6b-b169-8605ceeed841,Torony power station,6.872,5.972,7.336,normal,"{""categories"": {""EP"": 7.38, ""HI"": 7.01, ""NH"": 7.49, ""NS"": 7.13, ""RI"": 5.14}, ""notes"": [""high_unscored_fraction""], ""unscored_fraction"": 0.2323}"
HU,nuscale_voygr6,4,5de5f907-98e7-42d3-a7dd-cb65f839697b,Tiszapalkonya power station,6.778,6.053,7.319,normal,"{""categories"": {""EP"": 6.68, ""HI"": 6.21, ""NH"": 7.8, ""NS"": 5.96, ""RI"": 6.93}, ""notes"": [""unscored_penalty_applied""], ""unscored_fraction"": 0.1919}"
HU,nuscale_voygr6,5,903d6b94-cd9d-4c32-b7e2-4bbfbee929df,Matraterenye power station,6.641,5.795,7.158,normal,"{""categories"": {""EP"": 5.97, ""HI"": 7.27, ""NH"": 6.87, ""NS"": 5.2, ""RI"": 7.29}, ""notes"": [""high_unscored_fraction""], ""unscored_fraction"": 0.2323}"
HU,nuscale_voygr6,6,28b36531-865d-42ae-afb3-b8bad86f7014,Matra power station,6.23,5.48,6.691,normal,"{""categories"": {""EP"": 4.32, ""HI"": 4.57, ""NH"": 7.49, ""NS"": 6.39, ""RI"": 7.29}, ""notes"": [""high_unscored_fraction""], ""unscored_fraction"": 0.2323}"
HU,nuscale_voygr6,7,651839d3-4e8f-4214-89aa-1f96ea221121,Oroszlány power station,5.967,5.278,6.48,normal,"{""categories"": {""EP"": 5.97, ""HI"": 4.57, ""NH"": 6.78, ""NS"": 5.28, ""RI"": 7.07}, ""notes"": [""high_unscored_fraction""], ""unscored_fraction"": 0.2323}"
HU,nuscale_voygr6,8,ef325d90-6d2d-4f8f-89f2-3bc98beb149b,Bakony power station,5.73,5.096,6.191,normal,"{""categories"": {""EP"": 5.97, ""HI"": 4.57, ""NH"": 6.64, ""NS"": 4.17, ""RI"": 7.07}, ""notes"": [""high_unscored_fraction""], ""unscored_fraction"": 0.2323}"
HU,nuscale_voygr6,9,f2b3a729-602a-4b6b-acc9-004244f2e556,Banhida-II power station,5.418,4.856,5.954,normal,"{""categories"": {""EP"": 5.26, ""HI"": 5.27, ""NH"": 6.78, ""NS"": 5.28, ""RI"": 3.64}, ""notes"": [""high_unscored_fraction""], ""unscored_fraction"": 0.2323}"
HU,nuscale_voygr6,10,e1649639-2e45-4226-9c7a-783d2dcb6724,Pecs power station,5.411,4.851,5.977,normal,"{""categories"": {""EP"": 5.97, ""HI"": 5.41, ""NH"": 7.62, ""NS"": 3.57, ""RI"": 3.29}, ""notes"": [""high_unscored_fraction""], ""unscored_fraction"": 0.2323}"
LV,nuscale_voygr6,1,1a5b8f8f-f4be-4514-8738-755d25e19b41,Kurzeme power station,6.603,5.912,7.2,normal,"{""categories"": {""EP"": 5.97, ""HI"": 5.81, ""NH"": 7.09, ""NS"": 6.7, ""RI"": 7.07}, ""notes"": [""unscored_penalty_applied""], ""unscored_fraction"": 0.1919}"
MD,nuscale_voygr6,1,b3eb5dd2-98cf-40c4-b9ee-2a86fd066093,Kuchurgan power station,6.959,6.199,7.5,normal,"{""categories"": {""EP"": 5.26, ""HI"": 6.47, ""NH"": 7.22, ""NS"": 7.67, ""RI"": 7.29}, ""notes"": [""unscored_penalty_applied""], ""unscored_fraction"": 0.1919}"
ME,nuscale_voygr6,1,3795824b-cb76-48dd-a65c-764c757ddc76,Bar power station,6.023,5.321,6.467,normal,"{""categories"": {""EP"": 5.26, ""HI"": 7.41, ""NH"": 4.8, ""NS"": 6.39, ""RI"": 6.36}, ""notes"": [""high_unscored_fraction""], ""unscored_fraction"": 0.2323}"
ME,nuscale_voygr6,2,e77a7e7f-11ba-4e61-98da-f44471bc52ab,Berane power station,6.023,5.321,6.559,normal,"{""categories"": {""EP"": 3.62, ""HI"": 6.47, ""NH"": 6.33, ""NS"": 5.35, ""RI"": 7.07}, ""notes"": [""high_unscored_fraction""], ""unscored_fraction"": 0.2323}"
MK,nuscale_voygr6,1,1739b1b7-a6f3-466c-9dfa-3d1de9d5b6db,Bitola power station,6.812,5.927,7.329,normal,"{""categories"": {""EP"": 5.97, ""HI"": 6.81, ""NH"": 7.27, ""NS"": 6.98, ""RI"": 6.43}, ""notes"": [""high_unscored_fraction""], ""unscored_fraction"": 0.2323}"
MK,nuscale_voygr6,2,83d3abe4-2049-47ad-a66b-46034edb7569,Negotino power station,6.707,5.846,7.171,normal,"{""categories"": {""EP"": 5.97, ""HI"": 6.59, ""NH"": 7.67, ""NS"": 6.24, ""RI"": 6.21}, ""notes"": [""high_unscored_fraction""], ""unscored_fraction"": 0.2323}"
MK,nuscale_voygr6,3,756218bb-3f16-443e-b6c6-400cd0ce2f87,Oslomej power station,6.181,5.442,6.697,normal,"{""categories"": {""EP"": 5.97, ""HI"": 7.67, ""NH"": 6.6, ""NS"": 4.02, ""RI"": 5.86}, ""notes"": [""high_unscored_fraction""], ""unscored_fraction"": 0.2323}"
PL,nuscale_voygr6,1,2981a12d-3444-4301-96ba-a63ef50bec3e,Polaniec power station,7.684,6.785,8.219,normal,"{""categories"": {""EP"": 6.68, ""HI"": 7.61, ""NH"": 7.44, ""NS"": 8.59, ""RI"": 7.64}, ""notes"": [""unscored_penalty_applied""], ""unscored_fraction"": 0.1919}"
PL,nuscale_voygr6,2,b24f9ac5-5ddf-4b19-ba95-76dafeca3d2c,Pólnoc power station,7.284,6.462,7.869,normal,"{""categories"": {""EP"": 5.97, ""HI"": 6.87, ""NH"": 8.02, ""NS"": 7.67, ""RI"": 6.93}, ""notes"": [""unscored_penalty_applied""], ""unscored_fraction"": 0.1919}"
PL,nuscale_voygr6,3,e4e3b5f0-7038-47a5-84e3-04eb07b3c4d7,Adamow power station,7.227,6.245,7.822,normal,"{""categories"": {""EP"": 6.68, ""HI"": 7.41, ""NH"": 7.93, ""NS"": 6.69, ""RI"": 6.71}, ""notes"": [""high_unscored_fraction""], ""unscored_fraction"": 0.2323}"
PL,nuscale_voygr6,4,917008f5-fba1-4ef7-b82d-9aded2b69267,Gubin Power Project,7.222,6.412,7.803,normal,"{""categories"": {""EP"": 5.97, ""HI"": 6.47, ""NH"": 7.58, ""NS"": 8.53, ""RI"": 6.71}, ""notes"": [""unscored_penalty_applied""], ""unscored_fraction"": 0.1919}"
PL,nuscale_voygr6,5,239ea0eb-a9c4-43cc-ac5f-35271bdc6613,Kedzierzyn CCS Project,7.191,6.386,7.737,normal,"{""categories"": {""EP"": 6.68, ""HI"": 7.41, ""NH"": 8.07, ""NS"": 6.36, ""RI"": 6.86}, ""notes"": [""unscored_penalty_applied""], ""unscored_fraction"": 0.1919}"
PL,nuscale_voygr6,6,52db4dae-b014-45a4-96c4-49f80c1fdd11,Opalenie power station,7.184,6.381,7.769,normal,"{""categories"": {""EP"": 6.68, ""HI"": 6.19, ""NH"": 7.93, ""NS"": 7.67, ""RI"": 6.93}, ""notes"": [""unscored_penalty_applied""], ""unscored_fraction"": 0.1919}"
PL,nuscale_voygr6,7,dadadad9-b67e-44b8-a9ab-4cbf116da20b,Puchaczow power station,7.153,6.356,7.65,normal,"{""categories"": {""EP"": 6.68, ""HI"": 5.93, ""NH"": 7.44, ""NS"": 8.13, ""RI"": 7.29}, ""notes"": [""unscored_penalty_applied""], ""unscored_fraction"": 0.1919}"
PL,nuscale_voygr6,8,558e7bff-5b5d-4666-9ca3-ec02f2269aab,Dolna Odra power station,7.134,6.341,7.769,normal,"{""categories"": {""EP"": 5.97, ""HI"": 6.87, ""NH"": 7.67, ""NS"": 7.44, ""RI"": 6.93}, ""notes"": [""unscored_penalty_applied""], ""unscored_fraction"": 0.1919}"
PL,nuscale_voygr6,9,7fc17ab0-ce24-4830-a938-b8424d1e9368,Swiecie Pulp Mill power station,7.116,6.326,7.731,normal,"{""categories"": {""EP"": 7.38, ""HI"": 7.41, ""NH"": 7.93, ""NS"": 6.24, ""RI"": 6.36}, ""notes"": [""unscored_penalty_applied""], ""unscored_fraction"": 0.1919}"
PL,nuscale_voygr6,10,a55e3643-8ed4-434b-b14f-2d549d09c0d9,Zarnowiec power station,6.984,6.058,7.579,normal,"{""categories"": {""EP"": 5.97, ""HI"": 7.27, ""NH"": 7.49, ""NS"": 6.83, ""RI"": 6.57}, ""notes"": [""high_unscored_fraction""], ""unscored_fraction"": 0.2323}"
RO,nuscale_voygr6,1,345fb795-170a-4fb5-833c-f6bcf2eb450c,Turceni power station,7.816,6.891,8.256,normal,"{""categories"": {""EP"": 6.68, ""HI"": 7.53, ""NH"": 7.8, ""NS"": 8.36, ""RI"": 8.21}, ""notes"": [""unscored_penalty_applied""], ""unscored_fraction"": 0.1919}"
RO,nuscale_voygr6,2,958e4d82-853a-41f1-a442-94b4c4314221,Rovinari power station,7.159,6.361,7.7,normal,"{""categories"": {""EP"": 4.32, ""HI"": 7.9, ""NH"": 7.53, ""NS"": 7.21, ""RI"": 7.29}, ""notes"": [""unscored_penalty_applied""], ""unscored_fraction"": 0.1919}"
RO,nuscale_voygr6,3,af7f107f-71b5-5a33-8125-9ccb7060f895,Iernut power station,7.114,5.285,7.555,normal,"{""categories"": {""EP"": 4.32, ""HI"": 7.94, ""NH"": 6.57, ""NS"": 8.26, ""RI"": 7.67}, ""notes"": [""high_unscored_fraction""], ""unscored_fraction"": 0.4444}"
RO,nuscale_voygr6,4,52a7babe-313f-493b-86b9-bd0c4aece4c3,Mintia-Deva power station,7.016,6.245,7.487,normal,"{""categories"": {""EP"": 5.26, ""HI"": 6.21, ""NH"": 7.76, ""NS"": 7.9, ""RI"": 6.79}, ""notes"": [""unscored_penalty_applied""], ""unscored_fraction"": 0.1919}"
RO,nuscale_voygr6,5,29836b52-a882-4921-95a7-6417e636d9a2,Braila power station,6.784,6.058,7.275,normal,"{""categories"": {""EP"": 5.26, ""HI"": 7.27, ""NH"": 7.44, ""NS"": 7.5, ""RI"": 5.14}, ""notes"": [""unscored_penalty_applied""], ""unscored_fraction"": 0.1919}"
RO,nuscale_voygr6,6,825dc024-9a53-4237-bf59-cbe0af0cf87d,Govora power station,6.703,5.992,7.125,normal,"{""categories"": {""EP"": 5.97, ""HI"": 7.53, ""NH"": 7.53, ""NS"": 7.16, ""RI"": 4.21}, ""notes"": [""unscored_penalty_applied""], ""unscored_fraction"": 0.1919}"
RO,nuscale_voygr6,7,693d9b73-f9fc-4502-9b94-be020c5d21fb,Suceava power station,6.653,5.952,7.144,normal,"{""categories"": {""EP"": 6.68, ""HI"": 5.13, ""NH"": 7.31, ""NS"": 7.44, ""RI"": 6.5}, ""notes"": [""unscored_penalty_applied""], ""unscored_fraction"": 0.1919}"
RO,nuscale_voygr6,8,c3790475-3d3b-4e2b-92ae-24503fe03e6b,Romag Termo power station,6.491,5.821,6.962,normal,"{""categories"": {""EP"": 5.97, ""HI"": 5.93, ""NH"": 7.53, ""NS"": 7.79, ""RI"": 4.21}, ""notes"": [""unscored_penalty_applied""], ""unscored_fraction"": 0.1919}"
RO,nuscale_voygr6,9,aff5ffe6-fe7a-4de7-afad-9d4645a64cd9,Doicesti power station,6.478,5.811,6.95,normal,"{""categories"": {""EP"": 5.26, ""HI"": 6.33, ""NH"": 7.53, ""NS"": 6.81, ""RI"": 5.29}, ""notes"": [""unscored_penalty_applied""], ""unscored_fraction"": 0.1919}"
RO,nuscale_voygr6,10,9825e28e-fd6e-460d-9caf-0342563f9060,Paroseni power station,6.441,5.78,6.912,normal,"{""categories"": {""EP"": 2.91, ""HI"": 7.41, ""NH"": 7.4, ""NS"": 5.73, ""RI"": 6.71}, ""notes"": [""unscored_penalty_applied""], ""unscored_fraction"": 0.1919}"
RS,nuscale_voygr6,1,296282b1-d079-4c1e-b2df-12c25128b963,Štavalj Power Station,6.753,5.928,7.175,normal,"{""categories"": {""EP"": 4.32, ""HI"": 7.41, ""NH"": 6.87, ""NS"": 6.41, ""RI"": 7.64}, ""notes"": [""unscored_penalty_applied""], ""unscored_fraction"": 0.1919}"
RS,nuscale_voygr6,2,2b03f2e2-64ac-4262-bbff-7a536bda5722,Morava power station,6.716,6.003,7.256,normal,"{""categories"": {""EP"": 5.97, ""HI"": 7.41, ""NH"": 7.31, ""NS"": 6.01, ""RI"": 6.21}, ""notes"": [""unscored_penalty_applied""], ""unscored_fraction"": 0.1919}"
RS,nuscale_voygr6,3,993ccce2-d5e1-498d-827d-8dbfeb42582b,Kostolac power station,6.634,5.906,7.244,normal,"{""categories"": {""EP"": 5.97, ""HI"": 6.47, ""NH"": 7.27, ""NS"": 6.64, ""RI"": 6.21}, ""notes"": [""unscored_penalty_applied""], ""unscored_fraction"": 0.1919}"
RS,nuscale_voygr6,4,0182ec25-0df9-4e4b-9861-d76a332bc282,Kolubara A power station,6.559,5.831,7.069,normal,"{""categories"": {""EP"": 6.68, ""HI"": 8.01, ""NH"": 7.13, ""NS"": 5.9, ""RI"": 4.57}, ""notes"": [""unscored_penalty_applied""], ""unscored_fraction"": 0.1919}"
RS,nuscale_voygr6,5,5d4aee8d-9e73-4987-907a-d092e0ba92ed,Kovin power station,6.503,5.831,7.094,normal,"{""categories"": {""EP"": 5.97, ""HI"": 5.81, ""NH"": 7.04, ""NS"": 7.56, ""RI"": 5.5}, ""notes"": [""unscored_penalty_applied""], ""unscored_fraction"": 0.1919}"
RS,nuscale_voygr6,6,d30af109-79cb-4ab5-a878-6f574b58116a,Kolubara B power station,6.472,5.744,6.981,normal,"{""categories"": {""EP"": 6.68, ""HI"": 8.01, ""NH"": 6.82, ""NS"": 5.9, ""RI"": 4.57}, ""notes"": [""unscored_penalty_applied""], ""unscored_fraction"": 0.1919}"
RS,nuscale_voygr6,7,c8f15aca-174b-4be6-a6d9-abfa4685d10d,Nikola Tesla power station,6.453,5.694,6.994,normal,"{""categories"": {""EP"": 5.97, ""HI"": 6.21, ""NH"": 7.31, ""NS"": 7.79, ""RI"": 4.0}, ""notes"": [""unscored_penalty_applied""], ""unscored_fraction"": 0.1919}"
SK,nuscale_voygr6,1,770f1d3c-e5fd-493c-a376-e708d2abec6c,Vojany I power station,7.022,6.25,7.481,normal,"{""categories"": {""EP"": 5.26, ""HI"": 7.27, ""NH"": 6.78, ""NS"": 7.73, ""RI"": 7.29}, ""notes"": [""unscored_penalty_applied""], ""unscored_fraction"": 0.1919}"
SK,nuscale_voygr6,2,c97125b3-20ed-4e21-a853-b928644ec7dd,Novaky power station,6.978,6.215,7.5,normal,"{""categories"": {""EP"": 3.62, ""HI"": 7.41, ""NH"": 7.49, ""NS"": 6.99, ""RI"": 7.64}, ""notes"": [""unscored_penalty_applied""], ""unscored_fraction"": 0.1919}"
SK,nuscale_voygr6,3,1719d38b-61e8-4b01-844b-3a2f85c8a186,Trebisov power station,6.741,6.023,7.281,normal,"{""categories"": {""EP"": 5.97, ""HI"": 6.21, ""NH"": 7.18, ""NS"": 7.39, ""RI"": 6.36}, ""notes"": [""unscored_penalty_applied""], ""unscored_fraction"": 0.1919}"
SK,nuscale_voygr6,4,06defca3-9105-437f-afd4-52f5603d9b8e,Martinska power station,6.303,5.669,6.775,normal,"{""categories"": {""EP"": 5.97, ""HI"": 6.21, ""NH"": 6.11, ""NS"": 7.21, ""RI"": 5.79}, ""notes"": [""unscored_penalty_applied""], ""unscored_fraction"": 0.1919}"
SK,nuscale_voygr6,5,a2d8261c-3d08-4015-946c-47dbddbd0b98,U.S. Steel Kosice Works power station,5.691,5.174,6.181,normal,"{""categories"": {""EP"": 5.26, ""HI"": 6.21, ""NH"": 6.87, ""NS"": 5.9, ""RI"": 3.14}, ""notes"": [""unscored_penalty_applied""], ""unscored_fraction"": 0.1919}"
TR,nuscale_voygr6,1,ad0c8590-c672-43f2-a813-1217a10f7d2d,Konya Karapınar power station,7.784,6.528,8.301,normal,"{""categories"": {""EP"": 7.38, ""HI"": 9.22, ""NH"": 7.44, ""NS"": 6.98, ""RI"": 7.86}, ""notes"": [""high_unscored_fraction""], ""unscored_fraction"": 0.2626}"
TR,nuscale_voygr6,2,142cad75-648a-495d-8c10-792351e72126,Eren-1 power station,7.459,6.604,7.9,normal,"{""categories"": {""EP"": 6.68, ""HI"": 7.67, ""NH"": 7.4, ""NS"": 7.67, ""RI"": 7.5}, ""notes"": [""unscored_penalty_applied""], ""unscored_fraction"": 0.1919}"
TR,nuscale_voygr6,3,6c9571c4-5d3b-4f88-a7be-fa8c21425eeb,Tufanbeyli power station,7.38,6.407,7.89,normal,"{""categories"": {""EP"": 5.97, ""HI"": 9.22, ""NH"": 7.27, ""NS"": 6.3, ""RI"": 7.86}, ""notes"": [""high_unscored_fraction""], ""unscored_fraction"": 0.2222}"
TR,nuscale_voygr6,4,a6478cb9-5b8c-4d64-bbe6-3d3ed6a3da2c,Karapinar Konya Şeker power station,7.354,6.386,7.864,normal,"{""categories"": {""EP"": 7.38, ""HI"": 8.95, ""NH"": 7.09, ""NS"": 6.87, ""RI"": 6.71}, ""notes"": [""high_unscored_fraction""], ""unscored_fraction"": 0.2222}"
TR,nuscale_voygr6,5,674deb4f-110c-4120-bea0-5f0711da3ea1,Çayırhan power station,7.347,6.513,7.806,normal,"{""categories"": {""EP"": 7.38, ""HI"": 8.13, ""NH"": 6.91, ""NS"": 7.73, ""RI"": 6.57}, ""notes"": [""unscored_penalty_applied""], ""unscored_fraction"": 0.1919}"
TR,nuscale_voygr6,6,43f99d45-6635-4392-a522-4a06445fdaf2,Teyo Tufanbeyli power station,7.328,6.366,7.838,normal,"{""categories"": {""EP"": 5.97, ""HI"": 9.09, ""NH"": 6.64, ""NS"": 7.44, ""RI"": 7.29}, ""notes"": [""high_unscored_fraction""], ""unscored_fraction"": 0.2222}"
TR,nuscale_voygr6,7,2ec95392-978d-4a43-85b9-af3282c212ba,Tunçbilek power station,7.276,6.326,7.818,normal,"{""categories"": {""EP"": 6.68, ""HI"": 8.95, ""NH"": 7.36, ""NS"": 7.67, ""RI"": 5.29}, ""notes"": [""high_unscored_fraction""], ""unscored_fraction"": 0.2222}"
TR,nuscale_voygr6,8,ddc8bb9c-bf77-4075-b38c-600fb072acf8,Uluköy power station,7.263,6.316,7.701,normal,"{""categories"": {""EP"": 6.68, ""HI"": 9.36, ""NH"": 7.09, ""NS"": 5.27, ""RI"": 8.21}, ""notes"": [""high_unscored_fraction""], ""unscored_fraction"": 0.2222}"
TR,nuscale_voygr6,9,e03c394f-1c08-4101-b1fe-f6662fe4b424,Sinop Akfen power station,7.26,6.27,7.724,normal,"{""categories"": {""EP"": 7.38, ""HI"": 7.61, ""NH"": 7.27, ""NS"": 5.5, ""RI"": 8.43}, ""notes"": [""high_unscored_fraction""], ""unscored_fraction"": 0.2323}"
TR,nuscale_voygr6,10,778e0750-19f9-426e-a6c7-e0e30645fb97,Çoban Yıldız power station,7.185,6.255,7.675,normal,"{""categories"": {""EP"": 7.38, ""HI"": 9.09, ""NH"": 7.44, ""NS"": 6.53, ""RI"": 5.5}, ""notes"": [""high_unscored_fraction""], ""unscored_fraction"": 0.2222}"
UA,nuscale_voygr6,1,29b3a802-7ef1-4722-ad59-b1511b1b0075,Zmiivska power station,7.455,6.263,7.945,normal,"{""categories"": {""EP"": 5.26, ""HI"": 8.95, ""NH"": 7.26, ""NS"": 7.33, ""RI"": 7.64}, ""notes"": [""high_unscored_fraction""], ""unscored_fraction"": 0.2677}"
UA,nuscale_voygr6,2,5ed0a674-a292-44bc-997f-5c1990da1235,Dobrotvir power station,7.372,6.533,8.006,normal,"{""categories"": {""EP"": 5.26, ""HI"": 7.67, ""NH"": 7.44, ""NS"": 7.79, ""RI"": 7.64}, ""notes"": [""unscored_penalty_applied""], ""unscored_fraction"": 0.1919}"
UA,nuscale_voygr6,3,cec871bd-c7f6-4444-b0da-9b3a9ecc6963,Ladyzhyn power station,7.197,6.391,7.706,normal,"{""categories"": {""EP"": 5.97, ""HI"": 7.67, ""NH"": 7.49, ""NS"": 6.3, ""RI"": 8.0}, ""notes"": [""unscored_penalty_applied""], ""unscored_fraction"": 0.1919}"
UA,nuscale_voygr6,4,83fede8b-5f92-429d-920d-9a8928a74780,Kryvorizka power station,7.166,6.051,7.655,normal,"{""categories"": {""EP"": 5.26, ""HI"": 8.95, ""NH"": 6.76, ""NS"": 6.64, ""RI"": 7.64}, ""notes"": [""high_unscored_fraction""], ""unscored_fraction"": 0.2677}"
UA,nuscale_voygr6,5,c47eb6a3-49c1-4879-95b6-9bcd53b7af04,Burshtyn power station,6.959,6.199,7.45,normal,"{""categories"": {""EP"": 5.97, ""HI"": 8.13, ""NH"": 6.42, ""NS"": 7.56, ""RI"": 6.21}, ""notes"": [""unscored_penalty_applied""], ""unscored_fraction"": 0.1919}"
UA,nuscale_voygr6,6,447a9ea1-47fa-48a3-93f2-a77cbd629ac7,Starobesheve power station,6.887,5.965,7.377,normal,"{""categories"": {""EP"": 4.56, ""HI"": 7.67, ""NH"": 7.26, ""NS"": 7.1, ""RI"": 6.57}, ""notes"": [""high_unscored_fraction""], ""unscored_fraction"": 0.2374}"
UA,nuscale_voygr6,7,46b96bc3-b190-4045-9c86-eb674e2ea35e,Kurakhov power station,6.797,5.742,7.315,normal,"{""categories"": {""EP"": 5.26, ""HI"": 7.21, ""NH"": 6.6, ""NS"": 7.72, ""RI"": 6.57}, ""notes"": [""high_unscored_fraction""], ""unscored_fraction"": 0.2778}"
UA,nuscale_voygr6,8,cdb6adfb-52ff-4631-939a-001080b20450,Trypilska power station,6.795,5.894,7.364,normal,"{""categories"": {""EP"": 5.26, ""HI"": 7.27, ""NH"": 6.99, ""NS"": 7.79, ""RI"": 5.64}, ""notes"": [""high_unscored_fraction""], ""unscored_fraction"": 0.2374}"
UA,nuscale_voygr6,9,4e45df00-0d28-44d0-9697-3fa33d76fc88,Luganskaya power station,6.788,5.889,7.258,normal,"{""categories"": {""EP"": 4.56, ""HI"": 7.41, ""NH"": 6.6, ""NS"": 6.76, ""RI"": 7.64}, ""notes"": [""high_unscored_fraction""], ""unscored_fraction"": 0.2374}"
UA,nuscale_voygr6,10,3657989a-61ae-4fe3-9e8b-6ba7e68f8c59,Vuglegirska power station,6.616,5.758,7.139,normal,"{""categories"": {""EP"": 4.56, ""HI"": 6.61, ""NH"": 6.99, ""NS"": 6.87, ""RI"": 7.07}, ""notes"": [""high_unscored_fraction""], ""unscored_fraction"": 0.2374}"
