country_code,smr_key,site_id,iterations,p_rank_1,p_rank_le_3,p_rank_le_5,median_rank,p05_rank,p95_rank,rank_iqr,eligible_pair_count,small_n
AT,nuscale_voygr6,2dcd2c6d-f375-4408-9492-7910662fac03,10000,0.0214,1.0,1.0,2.0,2.0,2.0,0.0,6,False
AT,nuscale_voygr6,532bfb42-0d4c-42cf-a81a-287f2b3a75bf,10000,0.0,0.1849,0.9987,4.0,3.0,5.0,0.0,6,False
AT,nuscale_voygr6,660d9d71-6733-4294-951b-1c58614d58cf,10000,0.9786,1.0,1.0,1.0,1.0,1.0,0.0,6,False
AT,nuscale_voygr6,6e7fc4d8-636d-411a-baef-e138a5a07acc,10000,0.0,0.0143,0.9451,5.0,4.0,6.0,0.0,6,False
AT,nuscale_voygr6,90820fe3-9889-4faf-9906-7c528f8d7bc5,10000,0.0,0.0,0.0562,6.0,5.0,6.0,0.0,6,False
AT,nuscale_voygr6,99d712ac-7993-4186-8a0e-2e88bae7e90f,10000,0.0,0.8008,1.0,3.0,3.0,4.0,0.0,6,False
BA,nuscale_voygr6,344e0e9a-558e-4749-bb66-cd746be50cbd,10000,0.0,0.1042,1.0,4.0,3.0,4.0,0.0,5,False
BA,nuscale_voygr6,82011c29-a3d3-4a81-a27b-019d2649a251,10000,0.0,0.0,1.0,5.0,5.0,5.0,0.0,5,False
BA,nuscale_voygr6,a23d073a-cbbd-469a-b134-380945fd3f4c,10000,0.0003,0.9009,1.0,3.0,2.0,4.0,0.0,5,False
BA,nuscale_voygr6,aa0bdb5e-45aa-4d15-8aee-cb5b0e14f5d9,10000,0.9767,1.0,1.0,1.0,1.0,1.0,0.0,5,False
BA,nuscale_voygr6,e75c63e5-ef2f-4e08-8f8c-3da41215af9d,10000,0.023,0.9949,1.0,2.0,2.0,3.0,0.0,5,False
BG,nuscale_voygr6,2fb27566-cc7b-4530-8ff9-e55e3a1985bd,10000,0.0001,0.0355,1.0,5.0,4.0,5.0,0.0,7,False
BG,nuscale_voygr6,30c9e377-b575-46fa-880f-922c46e6500a,10000,0.0497,0.7596,1.0,3.0,2.0,4.0,0.0,7,False
BG,nuscale_voygr6,33a015dd-51e0-497e-b0d3-4b1b3f070438,10000,0.0,0.0,0.0,6.0,6.0,7.0,0.0,7,False
BG,nuscale_voygr6,3bb6666f-de2f-4c6f-a28e-c3bddb71b54a,10000,0.0051,0.2439,1.0,4.0,3.0,5.0,0.0,7,False
BG,nuscale_voygr6,704ef487-f600-4f23-b06e-a0f81b627597,10000,0.0,0.0,0.0,7.0,6.0,7.0,0.0,7,False
BG,nuscale_voygr6,a064c7ae-e699-4a94-a18c-79bdfe42bce3,10000,0.5741,0.9857,1.0,1.0,1.0,3.0,1.0,7,False
BG,nuscale_voygr6,b01fe781-dbc7-40f8-a544-946288020042,10000,0.371,0.9753,1.0,2.0,1.0,3.0,1.0,7,False
BY,nuscale_voygr6,68aabff9-e662-4b9f-b37d-4c2ebc5f7539,10000,0.1223,1.0,1.0,2.0,1.0,2.0,0.0,2,True
BY,nuscale_voygr6,fac3d0b5-36a5-48ae-8494-f2f08e4342f4,10000,0.8777,1.0,1.0,1.0,1.0,2.0,0.0,2,True
CZ,nuscale_voygr6,05daa6b2-bb29-4c26-a459-855626673955,10000,0.0,0.0,0.0,11.0,9.0,13.0,2.0,29,False
CZ,nuscale_voygr6,0ae8917b-a70b-41e5-82de-e4963a7686e3,10000,0.0,0.0,0.0,20.0,18.0,22.0,2.0,29,False
CZ,nuscale_voygr6,14e88076-ce0e-4693-bca4-e80f3f013c7f,10000,0.0,0.0,0.0,15.0,14.0,17.0,1.0,29,False
CZ,nuscale_voygr6,180880c2-7284-4723-b02a-a62348b9b40b,10000,0.0,0.0,0.0,9.0,8.0,11.0,1.0,29,False
CZ,nuscale_voygr6,1c059a42-608c-4753-8fcf-ba797d94f900,10000,0.0,0.0,0.0,22.0,19.0,23.0,1.0,29,False
CZ,nuscale_voygr6,20bce4f5-ca0b-4145-87e5-0a0694343f31,10000,0.0,0.0,0.0,21.0,18.0,22.0,2.0,29,False
CZ,nuscale_voygr6,20c9d02d-e9e8-40b3-a11e-7a2e01018d8c,10000,0.0,0.0,0.0,14.0,13.0,15.0,0.0,29,False
CZ,nuscale_voygr6,274ec928-e527-44cf-86c5-b6eddc09d0f7,10000,0.0,0.0,0.0,18.0,16.0,21.0,3.0,29,False
CZ,nuscale_voygr6,287cbb48-bb08-40dd-82c5-cfe1530dfbb9,10000,0.0771,0.5945,0.9231,3.0,1.0,6.0,2.0,29,False
CZ,nuscale_voygr6,2fe0a0b3-4108-427e-8e54-f77e1ea7227c,10000,0.022,0.2884,0.7504,4.0,2.0,7.0,2.0,29,False
CZ,nuscale_voygr6,32484f7b-18a4-4b21-8e6a-6d68ae099d02,10000,0.0063,0.13,0.5449,5.0,3.0,7.0,2.0,29,False
CZ,nuscale_voygr6,43e5b2b4-2ccf-46ab-b01e-e3d480146455,10000,0.0,0.0,0.0,28.0,25.0,29.0,2.0,29,False
CZ,nuscale_voygr6,44d40276-5847-41d1-ab9b-887bbdc1bcfe,10000,0.0,0.0,0.0,24.0,23.0,27.0,1.0,29,False
CZ,nuscale_voygr6,4eb7914c-e000-403c-b5a5-c350de67bb83,10000,0.0,0.0,0.0,23.0,22.0,26.0,1.0,29,False
CZ,nuscale_voygr6,5f4ed23c-cea2-41ef-a3e8-ac863e1bdcd6,10000,0.0,0.0,0.0,13.0,11.0,14.0,1.0,29,False
CZ,nuscale_voygr6,60baaa73-dd8c-4865-bb18-6c73d63a4052,10000,0.0,0.0,0.0,8.0,8.0,9.0,0.0,29,False
CZ,nuscale_voygr6,63601ccc-3f20-4cbd-95cb-0fbeaf821c6a,10000,0.0,0.0,0.0,12.0,10.0,13.0,1.0,29,False
CZ,nuscale_voygr6,66c3f077-1ee6-41d7-8e6c-da374bb45139,10000,0.0,0.0,0.0,27.0,25.0,29.0,2.0,29,False
CZ,nuscale_voygr6,97ed917e-acfa-4002-be89-4ec44972ab45,10000,0.0,0.0,0.0,17.0,16.0,20.0,1.0,29,False
CZ,nuscale_voygr6,9c4291f1-173b-467e-ae26-8cb01312c605,10000,0.0,0.0,0.0,10.0,8.0,11.0,1.0,29,False
CZ,nuscale_voygr6,a6bf9980-016e-47ea-b40a-82e384a9eb43,10000,0.0,0.0,0.0,26.0,24.0,28.0,1.0,29,False
CZ,nuscale_voygr6,a733fc13-11a4-4722-b62d-85c85a4f8ef3,10000,0.0,0.0,0.0,16.0,15.0,18.0,1.0,29,False
CZ,nuscale_voygr6,aa38441d-aec7-4ae9-b4c3-68c5bf567db3,10000,0.0,0.0,0.0,19.0,17.0,21.0,2.0,29,False
CZ,nuscale_voygr6,b0ba194f-3c80-4725-b1e7-fa5277b38833,10000,0.0024,0.0798,0.4392,6.0,3.0,7.0,2.0,29,False
CZ,nuscale_voygr6,cbd67443-4a4e-44fd-a9ed-20ba9574c99e,10000,0.0,0.0,0.0,28.0,26.0,29.0,2.0,29,False
CZ,nuscale_voygr6,d762ceeb-514f-43a6-9f91-a2d422ed6c60,10000,0.4642,0.9291,0.9952,2.0,1.0,4.0,1.0,29,False
CZ,nuscale_voygr6,e299922a-1670-4aff-acda-fd80600af9af,10000,0.0017,0.0642,0.3556,6.0,3.0,7.0,2.0,29,False
CZ,nuscale_voygr6,f1d2bca1-a7a9-4404-84c1-34fc8a59dab7,10000,0.0,0.0,0.0,25.0,23.0,29.0,3.0,29,False
CZ,nuscale_voygr6,f3523341-daaa-4573-a856-becb2e1bb9e3,10000,0.4263,0.914,0.9916,2.0,1.0,4.0,1.0,29,False
HR,nuscale_voygr6,ab151830-e5bd-46de-8400-01aa4c165366,10000,1.0,1.0,1.0,1.0,1.0,1.0,0.0,1,True
HU,nuscale_voygr6,059b3ad4-7196-4e6b-b169-8605ceeed841,10000,0.0,0.0002,1.0,4.0,4.0,4.0,0.0,11,False
HU,nuscale_voygr6,28b36531-865d-42ae-afb3-b8bad86f7014,10000,0.0,0.0,0.0001,7.0,6.0,7.0,0.0,11,False
HU,nuscale_voygr6,34d88ce8-d49c-4b19-af2d-6efcb1b72149,10000,0.0,0.0,0.0,11.0,10.0,11.0,0.0,11,False
HU,nuscale_voygr6,5de5f907-98e7-42d3-a7dd-cb65f839697b,10000,0.0,0.9998,1.0,3.0,3.0,3.0,0.0,11,False
HU,nuscale_voygr6,651839d3-4e8f-4214-89aa-1f96ea221121,10000,0.0,0.0,0.0025,6.0,6.0,7.0,0.0,11,False
HU,nuscale_voygr6,903d6b94-cd9d-4c32-b7e2-4bbfbee929df,10000,0.0,0.0,0.9974,5.0,5.0,5.0,0.0,11,False
HU,nuscale_voygr6,997474f6-9bfd-4abd-a2ac-d8618db8f0b4,10000,1.0,1.0,1.0,1.0,1.0,1.0,0.0,11,False
HU,nuscale_voygr6,e1649639-2e45-4226-9c7a-783d2dcb6724,10000,0.0,0.0,0.0,9.0,9.0,10.0,0.0,11,False
HU,nuscale_voygr6,ef325d90-6d2d-4f8f-89f2-3bc98beb149b,10000,0.0,0.0,0.0,8.0,8.0,8.0,0.0,11,False
HU,nuscale_voygr6,f2b3a729-602a-4b6b-acc9-004244f2e556,10000,0.0,0.0,0.0,10.0,9.0,11.0,0.0,11,False
HU,nuscale_voygr6,f7dcdb63-26e6-44cd-b440-ec14fe507d90,10000,0.0,1.0,1.0,2.0,2.0,2.0,0.0,11,False
LV,nuscale_voygr6,1a5b8f8f-f4be-4514-8738-755d25e19b41,10000,1.0,1.0,1.0,1.0,1.0,1.0,0.0,1,True
MD,nuscale_voygr6,b3eb5dd2-98cf-40c4-b9ee-2a86fd066093,10000,1.0,1.0,1.0,1.0,1.0,1.0,0.0,1,True
ME,nuscale_voygr6,3795824b-cb76-48dd-a65c-764c757ddc76,10000,1.0,1.0,1.0,1.0,1.0,1.0,0.0,1,True
MK,nuscale_voygr6,1739b1b7-a6f3-466c-9dfa-3d1de9d5b6db,10000,1.0,1.0,1.0,1.0,1.0,1.0,0.0,3,False
MK,nuscale_voygr6,756218bb-3f16-443e-b6c6-400cd0ce2f87,10000,0.0,1.0,1.0,3.0,3.0,3.0,0.0,3,False
MK,nuscale_voygr6,83d3abe4-2049-47ad-a66b-46034edb7569,10000,0.0,1.0,1.0,2.0,2.0,2.0,0.0,3,False
PL,nuscale_voygr6,06641fea-8997-4b69-a618-6afa34b82591,10000,0.0,0.0,0.0,46.0,41.0,49.0,3.0,61,False
PL,nuscale_voygr6,0b187a1d-55de-47cf-96a3-06abc8ff2476,10000,0.0,0.0,0.0,21.0,18.0,25.0,3.0,61,False
PL,nuscale_voygr6,187b4fd7-6a61-4e94-8ed4-495ac6dfc317,10000,0.0,0.0,0.0,27.0,26.0,30.0,1.0,61,False
PL,nuscale_voygr6,1d19dce6-c458-4656-901d-6a8d3c548761,10000,0.0,0.0002,0.2767,7.0,4.0,10.0,3.0,61,False
PL,nuscale_voygr6,202d797d-b0f9-4cd0-bbac-d7bb06805c09,10000,0.0,0.0,0.0,32.0,28.0,40.0,6.0,61,False
PL,nuscale_voygr6,239ea0eb-a9c4-43cc-ac5f-35271bdc6613,10000,0.0,0.0001,0.0643,9.0,5.0,12.0,3.0,61,False
PL,nuscale_voygr6,27fc89b3-ee57-44ac-8073-a700bc8d12e8,10000,0.0,0.0,0.0,49.0,45.0,53.0,2.0,61,False
PL,nuscale_voygr6,29479c3f-8db8-4f62-90e8-59ad6739f90b,10000,0.0,0.0,0.0,36.0,29.0,43.0,6.0,61,False
PL,nuscale_voygr6,2981a12d-3444-4301-96ba-a63ef50bec3e,10000,0.754,1.0,1.0,1.0,1.0,3.0,0.0,61,False
PL,nuscale_voygr6,29a58981-aaf7-4450-ad41-49dd6d786168,10000,0.0,0.0,0.0,52.0,48.0,57.0,4.0,61,False
PL,nuscale_voygr6,2da9dab9-7b4e-46e7-b1c8-70eeb329c177,10000,0.0,0.0,0.0,55.0,51.0,60.0,5.0,61,False
PL,nuscale_voygr6,399668d6-bfed-4e5b-bf38-9ee5902101c3,10000,0.0,0.0,0.0,57.0,52.0,60.0,4.0,61,False
PL,nuscale_voygr6,3d2d4c37-eb9d-4b35-a8b1-b3f485bc3e3f,10000,0.0,0.0,0.0,37.0,30.0,44.0,7.0,61,False
PL,nuscale_voygr6,40650551-0c9c-45ea-bac6-befdb0cb5909,10000,0.0,0.0,0.0,33.0,28.0,41.0,7.0,61,False
PL,nuscale_voygr6,409dde58-5df1-44d9-b5ec-f8e2edd86786,10000,0.0,0.0,0.0,34.0,28.0,41.0,6.0,61,False
PL,nuscale_voygr6,40b4334a-7ba4-4ed8-aa8e-3c405599fbd7,10000,0.0,0.0,0.0,41.0,33.0,46.0,5.0,61,False
PL,nuscale_voygr6,416aab55-6fd9-4a0a-b8f8-796fb62d86a5,10000,0.0,0.0,0.0,30.0,27.0,37.0,4.0,61,False
PL,nuscale_voygr6,4411a22e-4e8a-4715-b000-1aae34494b68,10000,0.0,0.0,0.0,14.0,10.0,17.0,3.0,61,False
PL,nuscale_voygr6,47be3ec4-7abe-4f4c-ac3d-b7f753b8514a,10000,0.0,0.0,0.0,42.0,34.0,46.0,5.0,61,False
PL,nuscale_voygr6,52db4dae-b014-45a4-96c4-49f80c1fdd11,10000,0.1202,0.9924,0.9999,2.0,1.0,3.0,1.0,61,False
PL,nuscale_voygr6,558e7bff-5b5d-4666-9ca3-ec02f2269aab,10000,0.1258,0.9942,1.0,2.0,1.0,3.0,1.0,61,False
PL,nuscale_voygr6,5a57ae0a-6f91-46f4-a1f5-56a6b37596e9,10000,0.0,0.0,0.0,61.0,58.0,61.0,1.0,61,False
PL,nuscale_voygr6,66bdc30c-4179-480b-a55a-5d15be5ac66b,10000,0.0,0.0,0.0,18.0,14.0,20.0,3.0,61,False
PL,nuscale_voygr6,73fe8f06-c53b-4877-9c1d-5caf3d8f2749,10000,0.0,0.0,0.0,58.0,54.0,60.0,3.0,61,False
PL,nuscale_voygr6,7fc17ab0-ce24-4830-a938-b8424d1e9368,10000,0.0,0.0001,0.27,7.0,4.0,10.0,3.0,61,False
PL,nuscale_voygr6,8a9d5c87-7edc-49c3-85a2-d97727b9c9b2,10000,0.0,0.0,0.0,24.0,21.0,26.0,3.0,61,False
PL,nuscale_voygr6,8dd8db4c-b62d-4f6b-a2ee-70a9ed785e7a,10000,0.0,0.0,0.0,47.0,43.0,50.0,2.0,61,False
PL,nuscale_voygr6,8e485f8a-5c68-4541-ab1d-77783f6fcb2d,10000,0.0,0.0,0.0,16.0,12.0,19.0,3.0,61,False
PL,nuscale_voygr6,917008f5-fba1-4ef7-b82d-9aded2b69267,10000,0.0,0.0,0.0003,13.0,9.0,16.0,3.0,61,False
PL,nuscale_voygr6,a19228ce-f25a-4ffd-a249-9d01403e6b81,10000,0.0,0.0,0.0036,11.0,8.0,15.0,3.0,61,False
PL,nuscale_voygr6,a55e3643-8ed4-434b-b14f-2d549d09c0d9,10000,0.0,0.0,0.0,23.0,20.0,26.0,3.0,61,False
PL,nuscale_voygr6,a67255dd-8134-418e-9377-e28516c53722,10000,0.0,0.0,0.0,18.0,15.0,21.0,2.0,61,False
PL,nuscale_voygr6,a6b51b4f-ba1d-49cd-bc99-8898acdbeb78,10000,0.0,0.0,0.0,35.0,29.0,41.0,5.0,61,False
PL,nuscale_voygr6,a7eeee6e-e14a-40ba-80b6-75ed2e170b20,10000,0.0,0.0,0.0,42.0,35.0,47.0,4.0,61,False
PL,nuscale_voygr6,a91dfe3d-93e0-43a1-99d2-41abdd1fc2ce,10000,0.0,0.0,0.0,50.0,47.0,55.0,3.0,61,False
PL,nuscale_voygr6,ab57f5c3-8699-46f9-970f-3007dfc58af4,10000,0.0,0.0,0.0,23.0,20.0,26.0,3.0,61,False
PL,nuscale_voygr6,ad7a9c00-0c75-411f-8f89-859e603df1e6,10000,0.0,0.0,0.0,45.0,40.0,49.0,3.0,61,False
PL,nuscale_voygr6,b24c9876-5a4d-4b83-b442-af2f4b0d1047,10000,0.0,0.0,0.0,52.0,49.0,56.0,3.0,61,False
PL,nuscale_voygr6,b24f9ac5-5ddf-4b19-ba95-76dafeca3d2c,10000,0.0,0.0,0.0014,12.0,8.0,15.0,3.0,61,False
PL,nuscale_voygr6,b789a244-7d29-4be3-afe4-2f45d7f11eab,10000,0.0,0.0,0.0,54.0,50.0,59.0,5.0,61,False
PL,nuscale_voygr6,b8a00967-90a3-4a4e-9979-6b8651d87380,10000,0.0,0.0,0.0,39.0,31.0,45.0,6.0,61,False
PL,nuscale_voygr6,b8bc6544-1571-4906-95e0-314d62c78a24,10000,0.0,0.0001,0.0668,8.0,5.0,12.0,3.0,61,False
PL,nuscale_voygr6,c39819ef-6798-4c01-9a82-9eead65b5f56,10000,0.0,0.0,0.0,25.0,22.0,27.0,2.0,61,False
PL,nuscale_voygr6,c42c5942-264d-43a1-a9eb-95b00480eb1a,10000,0.0,0.0,0.0,54.0,50.0,59.0,4.0,61,False
PL,nuscale_voygr6,c4d7f628-c108-4496-ac02-6076ea3ae448,10000,0.0,0.0,0.0,33.0,28.0,41.0,6.0,61,False
PL,nuscale_voygr6,ccc15bde-1c5a-40bf-8f09-2fcb1e896ce5,10000,0.0,0.0,0.0,56.0,51.0,60.0,4.0,61,False
PL,nuscale_voygr6,cd84938d-eea8-47a1-8ea6-2e9f943e5914,10000,0.0,0.0,0.0074,11.0,7.0,14.0,3.0,61,False
PL,nuscale_voygr6,cdc888ad-fd51-4710-a5ab-3cd0fe9ddb48,10000,0.0,0.0,0.0,17.0,13.0,19.0,3.0,61,False
PL,nuscale_voygr6,d3b5a049-6bff-400b-9312-96985f03acea,10000,0.0,0.0,0.0,59.0,54.0,61.0,3.0,61,False
PL,nuscale_voygr6,d60b377c-9bb4-4fd5-adb7-a9a9ba98ae76,10000,0.0,0.0,0.0,35.0,29.0,43.0,7.0,61,False
PL,nuscale_voygr6,dadadad9-b67e-44b8-a9ab-4cbf116da20b,10000,0.0,0.0117,0.78,4.0,4.0,7.0,1.0,61,False
PL,nuscale_voygr6,dc87cdf1-9936-4a59-a5e9-b5e360173490,10000,0.0,0.0,0.0,37.0,29.0,44.0,7.0,61,False
PL,nuscale_voygr6,de6735bd-7a79-43c8-baad-1fe23d50d6f0,10000,0.0,0.0,0.0,23.0,20.0,26.0,3.0,61,False
PL,nuscale_voygr6,e2c23866-db1e-4316-82b5-7e3fe50c3c09,10000,0.0,0.0,0.0,41.0,33.0,46.0,5.0,61,False
PL,nuscale_voygr6,e4e3b5f0-7038-47a5-84e3-04eb07b3c4d7,10000,0.0,0.0,0.0,17.0,14.0,20.0,3.0,61,False
PL,nuscale_voygr6,e9a1ae49-ff79-462c-af4e-7c6843221d36,10000,0.0,0.0,0.0,56.0,51.0,60.0,4.0,61,False
PL,nuscale_voygr6,ebc0f461-acfa-47da-8094-5b15ea3e25a0,10000,0.0,0.0,0.0,21.0,18.0,25.0,3.0,61,False
PL,nuscale_voygr6,ee332928-87b2-4e7b-9203-20e402bc551f,10000,0.0,0.0012,0.5296,5.0,4.0,9.0,2.0,61,False
PL,nuscale_voygr6,ef2ee2ae-e73e-490c-aa07-746543fe20e6,10000,0.0,0.0,0.0,35.0,29.0,43.0,7.0,61,False
PL,nuscale_voygr6,f5be4e73-938d-4fe2-b585-5090ec780670,10000,0.0,0.0,0.0,31.0,28.0,37.0,4.0,61,False
PL,nuscale_voygr6,f8f9f43d-6a3b-445d-818e-ca82a90ace65,10000,0.0,0.0,0.0,48.0,44.0,51.0,3.0,61,False
RO,nuscale_voygr6,18ecb024-ee4f-4045-8254-5e95d61dea8c,10000,0.0,0.0,0.0,16.0,15.0,17.0,1.0,21,False
RO,nuscale_voygr6,1d8be6d0-f3a5-4b32-9d46-3526289731f8,10000,0.0,0.0,0.0,19.0,19.0,19.0,0.0,21,False
RO,nuscale_voygr6,29836b52-a882-4921-95a7-6417e636d9a2,10000,0.0,0.8939,1.0,3.0,3.0,4.0,0.0,21,False
RO,nuscale_voygr6,345fb795-170a-4fb5-833c-f6bcf2eb450c,10000,1.0,1.0,1.0,1.0,1.0,1.0,0.0,21,False
RO,nuscale_voygr6,3bef37a3-239e-498d-a160-77452a6a9b79,10000,0.0,0.0,0.0,21.0,20.0,21.0,0.0,21,False
RO,nuscale_voygr6,52a7babe-313f-493b-86b9-bd0c4aece4c3,10000,0.0,0.0006,0.637,5.0,4.0,7.0,1.0,21,False
RO,nuscale_voygr6,5a33e5f0-6d86-4eab-adea-6c6bad7f3f45,10000,0.0,0.0,0.0,13.0,11.0,14.0,2.0,21,False
RO,nuscale_voygr6,693d9b73-f9fc-4502-9b94-be020c5d21fb,10000,0.0,0.1055,0.9958,4.0,3.0,5.0,0.0,21,False
RO,nuscale_voygr6,6aed2eac-1c97-40c5-b842-fb15fd510f35,10000,0.0,0.0,0.2774,6.0,5.0,7.0,2.0,21,False
RO,nuscale_voygr6,6c428b2a-ad09-448b-b24c-22465929d69c,10000,0.0,0.0,0.0,20.0,20.0,21.0,0.0,21,False
RO,nuscale_voygr6,825dc024-9a53-4237-bf59-cbe0af0cf87d,10000,0.0,0.0,0.0,11.0,9.0,13.0,1.0,21,False
RO,nuscale_voygr6,8781d874-5923-4795-9c9f-b2a6c709025a,10000,0.0,0.0,0.0,17.0,16.0,18.0,1.0,21,False
RO,nuscale_voygr6,958e4d82-853a-41f1-a442-94b4c4314221,10000,0.0,1.0,1.0,2.0,2.0,2.0,0.0,21,False
RO,nuscale_voygr6,9825e28e-fd6e-460d-9caf-0342563f9060,10000,0.0,0.0,0.0032,8.0,7.0,9.0,0.0,21,False
RO,nuscale_voygr6,a4fa3246-27d6-4740-898c-bdf9dadcb88c,10000,0.0,0.0,0.0,13.0,11.0,14.0,1.0,21,False
RO,nuscale_voygr6,aff5ffe6-fe7a-4de7-afad-9d4645a64cd9,10000,0.0,0.0,0.0,15.0,14.0,16.0,0.0,21,False
RO,nuscale_voygr6,c3790475-3d3b-4e2b-92ae-24503fe03e6b,10000,0.0,0.0,0.0866,7.0,5.0,8.0,1.0,21,False
RO,nuscale_voygr6,d498ded8-449c-4672-8bb9-0ed6c8fef775,10000,0.0,0.0,0.0,13.0,10.0,14.0,1.0,21,False
RO,nuscale_voygr6,dac2a974-a2de-46c5-b581-03985a9ae7d0,10000,0.0,0.0,0.0,9.0,8.0,11.0,1.0,21,False
RO,nuscale_voygr6,e073b3f8-4312-4d34-b322-6289a3121af1,10000,0.0,0.0,0.0,10.0,9.0,12.0,1.0,21,False
RO,nuscale_voygr6,e43af28e-a3d3-4047-a9cf-f3b0990754b4,10000,0.0,0.0,0.0,18.0,17.0,18.0,0.0,21,False
RS,nuscale_voygr6,0182ec25-0df9-4e4b-9861-d76a332bc282,10000,0.1002,0.6755,0.9996,3.0,1.0,5.0,2.0,6,False
RS,nuscale_voygr6,296282b1-d079-4c1e-b2df-12c25128b963,10000,0.0,0.0,0.0085,6.0,6.0,6.0,0.0,6,False
RS,nuscale_voygr6,5d4aee8d-9e73-4987-907a-d092e0ba92ed,10000,0.0114,0.2033,0.9932,5.0,2.0,5.0,1.0,6,False
RS,nuscale_voygr6,993ccce2-d5e1-498d-827d-8dbfeb42582b,10000,0.6849,0.9572,1.0,1.0,1.0,3.0,1.0,6,False
RS,nuscale_voygr6,c8f15aca-174b-4be6-a6d9-abfa4685d10d,10000,0.1662,0.75,0.9998,2.0,1.0,5.0,2.0,6,False
RS,nuscale_voygr6,d30af109-79cb-4ab5-a878-6f574b58116a,10000,0.0373,0.414,0.9989,4.0,2.0,5.0,2.0,6,False
SK,nuscale_voygr6,06defca3-9105-437f-afd4-52f5603d9b8e,10000,0.0,0.0577,1.0,4.0,3.0,4.0,0.0,5,False
SK,nuscale_voygr6,1719d38b-61e8-4b01-844b-3a2f85c8a186,10000,0.0,0.9423,1.0,3.0,3.0,4.0,0.0,5,False
SK,nuscale_voygr6,770f1d3c-e5fd-493c-a376-e708d2abec6c,10000,0.9988,1.0,1.0,1.0,1.0,1.0,0.0,5,False
SK,nuscale_voygr6,a2d8261c-3d08-4015-946c-47dbddbd0b98,10000,0.0,0.0,1.0,5.0,5.0,5.0,0.0,5,False
SK,nuscale_voygr6,c97125b3-20ed-4e21-a853-b928644ec7dd,10000,0.0012,1.0,1.0,2.0,2.0,2.0,0.0,5,False
TR,nuscale_voygr6,0049a899-af5f-41cd-86ae-2ba729b6365f,10000,0.0,0.0,0.0,69.0,57.0,79.0,10.0,110,False
TR,nuscale_voygr6,0248611c-b745-404f-ad50-c2870882c7a1,10000,0.0,0.0,0.0,19.0,13.0,26.0,5.0,110,False
TR,nuscale_voygr6,0947a4c8-4fc1-492f-9c66-2c9a993c7fb0,10000,0.0,0.0,0.0,70.0,58.0,80.0,9.0,110,False
TR,nuscale_voygr6,0ca4ff78-4113-4ad9-ac04-0fd541d42338,10000,0.0,0.0,0.0,102.0,99.0,105.0,3.0,110,False
TR,nuscale_voygr6,0fec985c-c66e-40af-a123-a9ba4db269bb,10000,0.0,0.0,0.0,42.0,34.0,48.0,5.0,110,False
TR,nuscale_voygr6,1289753b-43db-4058-8fe1-6e38b5fb01b5,10000,0.0,0.0,0.0,39.0,31.0,46.0,5.0,110,False
TR,nuscale_voygr6,142cad75-648a-495d-8c10-792351e72126,10000,0.0201,0.8149,0.9785,2.0,2.0,5.0,1.0,110,False
TR,nuscale_voygr6,1624a526-07d8-44a4-8ed7-3b035b748f03,10000,0.0,0.0,0.0,101.0,97.0,104.0,3.0,110,False
TR,nuscale_voygr6,166f5fcc-1cc4-4cf5-9e52-59e7ce1557c6,10000,0.0,0.0,0.0002,16.0,11.0,22.0,4.0,110,False
TR,nuscale_voygr6,17568f0f-91fd-4efe-b4df-2c7cc5d80b7d,10000,0.0,0.0,0.0,110.0,110.0,110.0,0.0,110,False
TR,nuscale_voygr6,1820429d-bd95-4e56-a6db-d9bb57e2ae07,10000,0.0,0.0,0.0,82.0,71.0,90.0,8.0,110,False
TR,nuscale_voygr6,1ce7624e-1d72-4293-8ff4-09096b56ddd2,10000,0.0,0.0,0.0,109.0,107.0,109.0,0.0,110,False
TR,nuscale_voygr6,1f305180-6bbf-4758-9a98-78bc9e96e195,10000,0.0,0.0,0.0,89.0,81.0,94.0,5.0,110,False
TR,nuscale_voygr6,21ccc44f-3244-4e7f-9654-eae424288200,10000,0.0,0.0,0.0,81.0,71.0,89.0,8.0,110,False
TR,nuscale_voygr6,231565d3-4f56-43ee-a357-1f4451c6fbc3,10000,0.0,0.0,0.0,55.0,49.0,66.0,6.0,110,False
TR,nuscale_voygr6,2350bab4-9869-43f1-b62f-a4d5aea77ef5,10000,0.0,0.0,0.0,82.0,72.0,90.0,8.0,110,False
TR,nuscale_voygr6,2a3aad60-2bff-4206-8275-f6e2029f9278,10000,0.0,0.0,0.0,47.0,40.0,53.0,5.0,110,False
TR,nuscale_voygr6,2b6a65d3-efb0-44d8-b88b-9aad311f4ac4,10000,0.0,0.0,0.0,27.0,20.0,36.0,6.0,110,False
TR,nuscale_voygr6,2ec95392-978d-4a43-85b9-af3282c212ba,10000,0.0014,0.2632,0.753,4.0,2.0,7.0,2.0,110,False
TR,nuscale_voygr6,2ed9363f-a9fe-46e5-8b92-c50b47a9077a,10000,0.0,0.0,0.0,47.0,39.0,53.0,5.0,110,False
TR,nuscale_voygr6,381221dd-76da-4adf-9b19-5da9f0779c22,10000,0.0,0.0,0.0,32.0,24.0,40.0,7.0,110,False
TR,nuscale_voygr6,3819acc8-761d-49ba-89e7-967d3d37ec0e,10000,0.0,0.0,0.0,64.0,54.0,76.0,10.0,110,False
TR,nuscale_voygr6,3a06636d-c742-4b72-b9cd-21a4537c331b,10000,0.0,0.0,0.0,102.0,98.0,105.0,3.0,110,False
TR,nuscale_voygr6,3e5f4317-6f40-44fb-bfa2-e21dc4d9922d,10000,0.0,0.0,0.0,63.0,53.0,74.0,10.0,110,False
TR,nuscale_voygr6,3f1ad930-cffb-4991-badd-773db74b890c,10000,0.0,0.0,0.0,40.0,33.0,47.0,6.0,110,False
TR,nuscale_voygr6,42d5b3fd-7d07-409b-9154-4441695b7901,10000,0.0,0.0,0.0,59.0,51.0,71.0,9.0,110,False
TR,nuscale_voygr6,43f99d45-6635-4392-a522-4a06445fdaf2,10000,0.0,0.0,0.0,27.0,20.0,36.0,7.0,110,False
TR,nuscale_voygr6,44362378-9c74-44af-8a08-be4877f50e97,10000,0.0,0.0,0.0,96.0,92.0,99.0,3.0,110,False
TR,nuscale_voygr6,44698c12-3c50-4602-8104-dafa5fd215b6,10000,0.0,0.0,0.0,89.0,81.0,94.0,5.0,110,False
TR,nuscale_voygr6,48149515-0774-404d-b273-790b660a8d90,10000,0.0,0.0,0.0,20.0,14.0,27.0,5.0,110,False
TR,nuscale_voygr6,4b11cac9-4fe0-4a2a-9c09-4fe9a0ac6015,10000,0.0,0.0,0.0,31.0,23.0,39.0,7.0,110,False
TR,nuscale_voygr6,5067ece3-b204-495e-81c1-90a523252547,10000,0.0,0.0,0.0,108.0,106.0,109.0,1.0,110,False
TR,nuscale_voygr6,52028d4f-7796-4463-832e-cff2e439c96a,10000,0.0,0.0,0.0,52.0,46.0,62.0,5.0,110,False
TR,nuscale_voygr6,53481b7f-5b85-4bab-be04-4866c2e72c12,10000,0.0,0.0,0.0,87.0,78.0,93.0,6.0,110,False
TR,nuscale_voygr6,55cfe45b-6357-40f9-8623-e9916f91f839,10000,0.0,0.0,0.0,23.0,17.0,32.0,5.0,110,False
TR,nuscale_voygr6,56b8e2a3-1885-431f-9fd1-4cd3bebfad61,10000,0.0,0.0,0.0,43.0,36.0,50.0,6.0,110,False
TR,nuscale_voygr6,57c0c830-725f-46ee-9322-0a4a3ad9efda,10000,0.0,0.0,0.0,19.0,13.0,26.0,5.0,110,False
TR,nuscale_voygr6,5a19f424-1a15-44e6-bf1b-c2c5886ac1bf,10000,0.0,0.0,0.0,58.0,51.0,70.0,8.0,110,False
TR,nuscale_voygr6,5b6be56c-d981-470c-a979-13a8764a34b8,10000,0.0,0.0,0.0,74.0,62.0,84.0,9.0,110,False
TR,nuscale_voygr6,5ed91c1b-0a1b-4a4c-9b2b-f6bdc8ff9770,10000,0.0,0.0,0.0,103.0,100.0,106.0,3.0,110,False
TR,nuscale_voygr6,5fa0dfa9-c272-444e-8e70-80ab55b5d36c,10000,0.0,0.0,0.002,13.0,8.0,18.0,4.0,110,False
TR,nuscale_voygr6,674deb4f-110c-4120-bea0-5f0711da3ea1,10000,0.0,0.0214,0.184,7.0,4.0,11.0,2.0,110,False
TR,nuscale_voygr6,6c9571c4-5d3b-4f88-a7be-fa8c21425eeb,10000,0.0067,0.6537,0.943,3.0,2.0,6.0,2.0,110,False
TR,nuscale_voygr6,6ddc2960-3d72-4d5f-b358-56d1c54f47e0,10000,0.0,0.0,0.0,65.0,54.0,76.0,10.0,110,False
TR,nuscale_voygr6,737b6d06-1d0c-4ae6-9683-ab3fea192b32,10000,0.0,0.0,0.0,61.0,52.0,73.0,10.0,110,False
TR,nuscale_voygr6,746fc66e-d31f-4c5d-bf5c-ab5031b04b15,10000,0.0,0.0,0.0,81.0,71.0,89.0,8.0,110,False
TR,nuscale_voygr6,76cd9b7f-7613-4fd4-95ab-bf534a2e2f5e,10000,0.0,0.0,0.0,93.0,87.0,96.0,3.0,110,False
TR,nuscale_voygr6,772e2484-419b-47de-9739-924ac371ad10,10000,0.0,0.0,0.0,57.0,50.0,68.0,8.0,110,False
TR,nuscale_voygr6,778e0750-19f9-426e-a6c7-e0e30645fb97,10000,0.0001,0.0546,0.3519,6.0,3.0,10.0,2.0,110,False
TR,nuscale_voygr6,7a805295-0cd2-48be-972e-5282c996549c,10000,0.0,0.0,0.0,71.0,59.0,81.0,9.0,110,False
TR,nuscale_voygr6,7b4d3f8f-a644-48a3-93f9-cd3c154dc5c2,10000,0.0,0.0,0.0,88.0,79.0,93.0,6.0,110,False
TR,nuscale_voygr6,7cc9cffa-e4e4-4546-902d-c8f4800dbdb2,10000,0.0,0.0,0.0,32.0,24.0,40.0,7.0,110,False
TR,nuscale_voygr6,82aac38c-3037-466c-9b37-bff9da707645,10000,0.0,0.0,0.0,63.0,53.0,74.0,10.0,110,False
TR,nuscale_voygr6,8a5dc384-e272-41ed-9868-a0686ac3fc7e,10000,0.0,0.0,0.0,43.0,36.0,50.0,6.0,110,False
TR,nuscale_voygr6,8b16dc60-1a2b-4b2c-bcad-1c334d246ae3,10000,0.0,0.0,0.0,101.0,97.0,104.0,3.0,110,False
TR,nuscale_voygr6,8dd46a05-6e0c-4009-90ad-bd5909c25622,10000,0.0,0.0,0.0,107.0,104.0,108.0,1.0,110,False
TR,nuscale_voygr6,9163ca37-1b31-409d-974f-9e7ed5e5f33d,10000,0.0,0.0,0.0,70.0,58.0,81.0,9.0,110,False
TR,nuscale_voygr6,91f28dbb-16bd-449b-a20a-dc2b70cf2e66,10000,0.0,0.0,0.0,86.0,76.0,92.0,7.0,110,False
TR,nuscale_voygr6,94a5c55f-c499-41b1-81da-deaa36686399,10000,0.0,0.0,0.0012,13.0,9.0,19.0,5.0,110,False
TR,nuscale_voygr6,96129c93-83a6-4b1c-929b-bfccba86a796,10000,0.0,0.0,0.0,82.0,71.0,90.0,7.0,110,False
TR,nuscale_voygr6,9699244b-14c0-4e27-afd1-105494fccd60,10000,0.0,0.0004,0.0115,11.0,7.0,16.0,4.0,110,False
TR,nuscale_voygr6,98019711-a8c3-424a-870e-00d4fea75ed1,10000,0.0,0.0,0.0,85.0,75.0,91.0,7.0,110,False
TR,nuscale_voygr6,9a6447f2-2887-4cce-a115-dc773d7f6eb1,10000,0.0,0.0,0.0,27.0,20.0,36.0,7.0,110,False
TR,nuscale_voygr6,9eb693f6-6994-4937-bc4d-e8213baa5d47,10000,0.0,0.0,0.0,68.0,56.0,78.0,9.0,110,False
TR,nuscale_voygr6,a4af3789-2c40-41fc-a3ec-3b8d2fc6c645,10000,0.0,0.0,0.0,79.0,68.0,88.0,8.0,110,False
TR,nuscale_voygr6,a6478cb9-5b8c-4d64-bbe6-3d3ed6a3da2c,10000,0.0003,0.1861,0.6796,5.0,3.0,8.0,2.0,110,False
TR,nuscale_voygr6,a96dc545-41a9-4b0d-a7a3-f40ef711e5e3,10000,0.0,0.0,0.0,35.0,25.0,42.0,7.0,110,False
TR,nuscale_voygr6,aa336cdc-f6fe-4b08-b46d-69e852c501bf,10000,0.0,0.0,0.0,49.0,42.0,55.0,5.0,110,False
TR,nuscale_voygr6,ad0c8590-c672-43f2-a813-1217a10f7d2d,10000,0.9714,0.9998,1.0,1.0,1.0,1.0,0.0,110,False
TR,nuscale_voygr6,adeb10a5-aaae-4e2c-b426-3db1c3d9bd5b,10000,0.0,0.0,0.0,84.0,74.0,91.0,7.0,110,False
TR,nuscale_voygr6,b588126a-42d6-49dc-b227-9283af5a2578,10000,0.0,0.0,0.0,31.0,22.0,39.0,7.0,110,False
TR,nuscale_voygr6,b5a75ec8-a2fe-42ad-b33e-ea32e20ebdfb,10000,0.0,0.0,0.0,51.0,44.0,58.0,5.0,110,False
TR,nuscale_voygr6,b5ff798e-e059-4d8b-a903-00a1fefc62ab,10000,0.0,0.0,0.0,31.0,23.0,39.0,7.0,110,False
TR,nuscale_voygr6,b8875ff2-9e9d-4520-8879-c71468e9cc50,10000,0.0,0.0,0.0,44.0,37.0,50.0,6.0,110,False
TR,nuscale_voygr6,bac4a081-83dc-4aba-8076-b67bfc55f54c,10000,0.0,0.0,0.0,95.0,91.0,99.0,3.0,110,False
TR,nuscale_voygr6,bfadbe66-971d-4f64-b222-604a7ee6ac6b,10000,0.0,0.0,0.0,19.0,13.0,26.0,5.0,110,False
TR,nuscale_voygr6,c657c5c3-38a2-472d-8962-9e7cefcd2c1e,10000,0.0,0.0,0.0,29.0,21.0,37.0,7.0,110,False
TR,nuscale_voygr6,c6b846cb-3a01-4e17-9d51-da4b58fd1827,10000,0.0,0.0,0.0,96.0,92.0,99.0,3.0,110,False
TR,nuscale_voygr6,c7afd455-7beb-4d23-8d3b-e9a102782d2b,10000,0.0,0.0,0.0,106.0,104.0,108.0,1.0,110,False
TR,nuscale_voygr6,c8e1cc12-080a-4e01-925d-8fd6e4334856,10000,0.0,0.0,0.0,78.0,67.0,87.0,8.0,110,False
TR,nuscale_voygr6,c9c85786-eb26-4e7b-b280-83a54b7e834f,10000,0.0,0.0,0.0,60.0,52.0,72.0,9.0,110,False
TR,nuscale_voygr6,ca423571-d2ab-44d4-b5ce-3e649d9cc776,10000,0.0,0.0,0.0,81.0,70.0,89.0,8.0,110,False
TR,nuscale_voygr6,cb08e7b6-0af3-45d9-95c3-3832e7e2677c,10000,0.0,0.0,0.0,33.0,24.0,40.0,7.0,110,False
TR,nuscale_voygr6,cb825b0f-e315-4221-b194-43d5b472382d,10000,0.0,0.0,0.0,68.0,57.0,79.0,10.0,110,False
TR,nuscale_voygr6,cc635340-954c-4428-9fa1-14383c7faceb,10000,0.0,0.0,0.0,42.0,35.0,49.0,6.0,110,False
TR,nuscale_voygr6,ce39538c-997e-4a7d-bc32-f164f50f9aa0,10000,0.0,0.0,0.0,77.0,66.0,86.0,8.0,110,False
TR,nuscale_voygr6,cf9150af-0325-44d8-bbaf-493e742f2e2b,10000,0.0,0.0,0.0,44.0,37.0,51.0,6.0,110,False
TR,nuscale_voygr6,d020ac37-4f23-41b1-8f1e-b425b5769424,10000,0.0,0.0,0.0,59.0,51.0,71.0,9.0,110,False
TR,nuscale_voygr6,d12e7ffc-4cd3-4ff4-81da-ae360d59409b,10000,0.0,0.0,0.0,60.0,52.0,72.0,9.0,110,False
TR,nuscale_voygr6,d1863136-5ff4-4b4d-a9c0-6219e92d637d,10000,0.0,0.0,0.0,19.0,13.0,26.0,5.0,110,False
TR,nuscale_voygr6,d21335d4-0a3d-4464-85e0-352745a38db4,10000,0.0,0.0,0.0,71.0,59.0,81.0,9.0,110,False
TR,nuscale_voygr6,d3f986d9-a023-4d43-a0fb-03361f310873,10000,0.0,0.0,0.0,31.0,23.0,39.0,8.0,110,False
TR,nuscale_voygr6,d48d2f39-d58f-4299-9b2f-56d194d2d13b,10000,0.0,0.0,0.0,63.0,54.0,75.0,9.0,110,False
TR,nuscale_voygr6,d5151598-5a1a-4697-8147-592845ffef6c,10000,0.0,0.0,0.0,97.0,93.0,100.0,2.0,110,False
TR,nuscale_voygr6,d6cb5642-d5ec-4a15-bc6b-8be4cb0a382e,10000,0.0,0.0006,0.0094,11.0,7.0,16.0,4.0,110,False
TR,nuscale_voygr6,db87ce6a-3802-44c5-945f-8a95d3cf111b,10000,0.0,0.0,0.0,61.0,52.0,73.0,9.0,110,False
TR,nuscale_voygr6,dd413ee8-a6f2-4e7c-8e6c-6d0ed8637d83,10000,0.0,0.0,0.0,28.0,21.0,37.0,7.0,110,False
TR,nuscale_voygr6,ddc8bb9c-bf77-4075-b38c-600fb072acf8,10000,0.0,0.0031,0.0448,9.0,6.0,14.0,4.0,110,False
TR,nuscale_voygr6,e03c394f-1c08-4101-b1fe-f6662fe4b424,10000,0.0,0.0022,0.0394,9.0,6.0,14.0,3.0,110,False
TR,nuscale_voygr6,e10aae79-05b7-4ad9-9d69-60ce190b4444,10000,0.0,0.0,0.0,49.0,42.0,55.0,5.0,110,False
TR,nuscale_voygr6,e71ec827-7143-48dd-8c8a-8e81705fa971,10000,0.0,0.0,0.0,69.0,57.0,79.0,9.0,110,False
TR,nuscale_voygr6,e780e4ac-0506-4186-9b58-0f378f878345,10000,0.0,0.0,0.0011,13.0,9.0,19.0,4.0,110,False
TR,nuscale_voygr6,e894ba3e-e397-47c9-b0b9-a72cfb6bd680,10000,0.0,0.0,0.0,105.0,101.0,107.0,2.0,110,False
TR,nuscale_voygr6,e8b6e342-2011-4343-b415-a8bf08501499,10000,0.0,0.0,0.0,96.0,93.0,100.0,3.0,110,False
TR,nuscale_voygr6,e9bc02be-cf10-4b27-9b8a-0d4a954720e4,10000,0.0,0.0,0.0,32.0,23.0,39.0,7.0,110,False
TR,nuscale_voygr6,f2e65fcf-afc4-4443-ac14-f15c8ffe48f3,10000,0.0,0.0,0.0004,15.0,10.0,21.0,4.0,110,False
TR,nuscale_voygr6,f92bc907-9b9b-4d21-92fd-1705bd71128c,10000,0.0,0.0,0.0,91.0,85.0,95.0,4.0,110,False
TR,nuscale_voygr6,fa6b7ac3-c1bf-478f-8d0a-1f357ea480cf,10000,0.0,0.0,0.0,100.0,97.0,104.0,3.0,110,False
TR,nuscale_voygr6,fc307877-758b-4dbf-afbe-abfc4a778155,10000,0.0,0.0,0.0,21.0,15.0,28.0,5.0,110,False
TR,nuscale_voygr6,fecb62d9-6fb8-4f8d-83e3-78a7c75adb6e,10000,0.0,0.0,0.0,44.0,37.0,51.0,6.0,110,False
UA,nuscale_voygr6,02253fcc-4fc6-42d4-a6a8-42365487302f,10000,0.0,0.0,0.0,12.0,10.0,14.0,1.0,20,False
UA,nuscale_voygr6,038d42e9-769b-4b22-9513-dccff48b42cd,10000,0.0,0.0,0.0,18.0,17.0,19.0,0.0,20,False
UA,nuscale_voygr6,29b3a802-7ef1-4722-ad59-b1511b1b0075,10000,0.0802,1.0,1.0,3.0,1.0,3.0,1.0,20,False
UA,nuscale_voygr6,3657989a-61ae-4fe3-9e8b-6ba7e68f8c59,10000,0.0,0.0,0.0,10.0,9.0,11.0,1.0,20,False
UA,nuscale_voygr6,3bd2a957-ff3b-4bfd-9dba-808279edccb9,10000,0.0,0.0,0.0,17.0,16.0,18.0,0.0,20,False
UA,nuscale_voygr6,447a9ea1-47fa-48a3-93f2-a77cbd629ac7,10000,0.0,0.0,0.0,11.0,9.0,12.0,1.0,20,False
UA,nuscale_voygr6,46b96bc3-b190-4045-9c86-eb674e2ea35e,10000,0.0,0.0,0.0,9.0,9.0,11.0,1.0,20,False
UA,nuscale_voygr6,4e45df00-0d28-44d0-9697-3fa33d76fc88,10000,0.0,0.0,0.0439,7.0,6.0,8.0,1.0,20,False
UA,nuscale_voygr6,5ed0a674-a292-44bc-997f-5c1990da1235,10000,0.7474,1.0,1.0,1.0,1.0,3.0,1.0,20,False
UA,nuscale_voygr6,70781f2c-24c2-486c-8b32-310c36ba1238,10000,0.0,0.0,0.0,13.0,12.0,15.0,1.0,20,False
UA,nuscale_voygr6,725406d6-860f-4ca0-9c6a-425675bac381,10000,0.0,0.0,0.0069,8.0,7.0,8.0,1.0,20,False
UA,nuscale_voygr6,83fede8b-5f92-429d-920d-9a8928a74780,10000,0.0,0.0,0.7983,5.0,4.0,6.0,1.0,20,False
UA,nuscale_voygr6,95872473-c476-4ceb-bcf5-54cfdf415e42,10000,0.0,0.0,0.0,20.0,19.0,20.0,1.0,20,False
UA,nuscale_voygr6,c47eb6a3-49c1-4879-95b6-9bcd53b7af04,10000,0.0,0.0,0.5177,5.0,4.0,7.0,1.0,20,False
UA,nuscale_voygr6,cdb6adfb-52ff-4631-939a-001080b20450,10000,0.0,0.0,0.6332,5.0,4.0,7.0,2.0,20,False
UA,nuscale_voygr6,cec871bd-c7f6-4444-b0da-9b3a9ecc6963,10000,0.1724,1.0,1.0,2.0,1.0,3.0,1.0,20,False
UA,nuscale_voygr6,d3b9e403-7744-44c5-b5c3-999c4c1911d8,10000,0.0,0.0,0.0,19.0,18.0,20.0,1.0,20,False
UA,nuscale_voygr6,e4c6a713-99e6-4fdf-afaa-d456779c504c,10000,0.0,0.0,0.0,15.0,12.0,16.0,1.0,20,False
UA,nuscale_voygr6,f2c061de-66ad-4fce-b911-7f1899f25b75,10000,0.0,0.0,0.0,14.0,12.0,15.0,2.0,20,False
UA,nuscale_voygr6,fb7d4d9a-3f27-4b50-9941-6a8fccd25e9a,10000,0.0,0.0,0.0,16.0,15.0,17.0,0.0,20,False
